,Longitude,Latitude,PM25,Date
335,-85.992647,33.991494000875,7.3,06/18/2022
704,-86.815,33.5530560008695,8.9,06/18/2022
1017,-87.003611,33.3311110008666,7.5,06/18/2022
1334,-86.549167,33.5452780008694,7.2,06/18/2022
1735,-86.924167,33.4997220008688,8.3,06/18/2022
2096,-86.9425,33.8016670008726,6.7,06/18/2022
2402,-86.796389,33.5652780008696,8.8,06/18/2022
2810,-86.58816,34.68547,6.3,06/18/2022
3173,-88.087761,30.7701810008299,16.4,06/18/2022
3565,-86.263394,32.4128110008542,7.5,06/18/2022
3951,-86.967536,34.5307170008815,7.3,06/18/2022
4305,-84.999653,32.437028,10.9,06/18/2022
4629,-88.277992,32.3626060008535,12.7,06/18/2022
5040,-149.824602,61.2058610007956,0.5,06/18/2022
5346,-147.727413,64.84569,10.8,06/18/2022
5544,-147.310279,64.762641,10.5,06/18/2022
5790,-147.69327,64.845930000725,10.3,06/18/2022
5988,-134.56723651676,58.3884971242076,7.8,06/18/2022
6316,-149.031655,61.534163,2.4,06/18/2022
6723,-113.5586,34.2439,10.0,06/18/2022
7040,-112.14256,33.4837800008686,9.0,06/18/2022
7365,-111.86536,33.4101800008677,6.7,06/18/2022
7677,-112.06619,33.5603100008696,8.2,06/18/2022
8002,-112.19193,33.5745300008697,6.7,06/18/2022
8331,-112.07526,33.4031400008676,11.9,06/18/2022
8660,-111.93471,33.4112300008677,9.3,06/18/2022
8983,-112.00264,33.41046,6.9,06/18/2022
9353,-112.11821,33.4265000008679,9.4,06/18/2022
9738,-112.095767,33.503833,10.8,06/18/2022
10063,-111.038389291448,32.3226614191457,3.8,06/18/2022
10439,-110.9823,32.29515,7.8,06/18/2022
10761,-110.99644,31.87952,6.6,06/18/2022
10935,-110.980134,32.1729950008509,7.5,06/18/2022
11111,-111.12716,32.38082,6.4,06/18/2022
11288,-110.965293,32.251843000852,8.2,06/18/2022
11522,-111.752222,32.8775830008606,9.2,06/18/2022
11872,-112.03705,32.884761,10.8,06/18/2022
12112,-110.936718,31.337204,7.3,06/18/2022
12433,-114.61444,32.690278,30.8,06/18/2022
12862,-90.1931407655994,35.1972876317392,10.8,06/18/2022
13713,-92.328697163421,34.6813433627688,3.7,06/18/2022
14122,-94.1168273808054,36.1797000452413,24.0,06/18/2022
14490,-104.93647,39.8281,4.3,06/18/2022
14987,-105.100856,40.1645760009301,8.5,06/18/2022
15515,-104.987625,39.7511840009277,10.3,06/18/2022
15842,-104.987625,39.7511840009277,5.4,06/18/2022
16169,-104.939925,39.7385780009277,6.2,06/18/2022
16586,-105.00518,39.77949,6.2,06/18/2022
16954,-105.0153,39.73217,4.1,06/18/2022
17276,-104.9886,39.7861,4.9,06/18/2022
17695,-105.070358,39.5344880009264,5.4,06/18/2022
18019,-104.828564,38.8480140009219,4.1,06/18/2022
18372,-107.62863,37.13678,6.4,06/18/2022
18700,-107.870219,37.10258,7.5,06/18/2022
19029,-105.079693,40.5712880009321,8.0,06/18/2022
19357,-108.561173,39.0637980009234,3.9,06/18/2022
19777,-108.761389,40.0869440009297,10.2,06/18/2022
20101,-104.70693,40.4148770009314,10.3,06/18/2022
20484,-121.784217,37.687526,4.0,06/18/2022
20813,-122.169935,37.743065,4.8,06/18/2022
21142,-122.282347,37.814781,3.2,06/18/2022
21470,-122.263376,37.793624,5.1,06/18/2022
21790,-121.903019,37.7012220009132,4.1,06/18/2022
22111,-121.84047,39.76168,1.7,06/18/2022
22474,-121.59135,39.77919,2.6,06/18/2022
22782,-121.668811,39.327563,1.6,06/18/2022
23097,-120.680277,38.20185,1.4,06/18/2022
23466,-121.99887,39.18919,2.0,06/18/2022
23779,-122.026154,37.936013,4.6,06/18/2022
24106,-122.356811,37.9604,8.0,06/18/2022
24421,-124.20347,41.7561300009374,3.9,06/18/2022
24650,-119.77321,36.78538,5.1,06/18/2022
24957,-119.658339349936,36.9851185574381,2.5,06/18/2022
25182,-120.101096,36.198672,3.7,06/18/2022
25507,-120.382331,36.6342250009037,2.7,06/18/2022
25822,-119.7775,36.710833,3.7,06/18/2022
26141,-119.716433,36.819449,0.4,06/18/2022
26461,-119.733,36.72639,6.2,06/18/2022
26775,-122.190834,39.53387,1.5,06/18/2022
27196,-115.48307,32.67618,12.1,06/18/2022
27563,-115.53917,32.97833,38.0,06/18/2022
27888,-116.015997,33.37907778,10.3,06/18/2022
28131,-115.56306,32.79222,11.5,06/18/2022
28448,-118.330783,37.360684,3.7,06/18/2022
28861,-117.871036,36.487823,14.2,06/18/2022
29158,-118.049167,36.5955560009034,4.2,06/18/2022
29452,-118.417477920338,37.3621369693511,3.2,06/18/2022
29858,-119.015009,35.385574,3.7,06/18/2022
30170,-119.062613,35.356615,4.8,06/18/2022
30418,-119.062613,35.356615,3.2,06/18/2022
30819,-117.715066487047,35.6429431008838,3.6,06/18/2022
30996,-118.162833,35.0465280008873,5.4,06/18/2022
31315,-118.860588,34.841567,3.0,06/18/2022
31641,-119.56565,36.102244,3.6,06/18/2022
31970,-119.643447,36.31567,1.3,06/18/2022
32382,-117.85036,34.14435,8.1,06/18/2022
32707,-118.22688,34.0665900008759,8.1,06/18/2022
32918,-118.22688,34.0665900008759,11.5,06/18/2022
33312,-118.53276,34.19925,8.8,06/18/2022
33640,-118.205,33.9013890008739,7.6,06/18/2022
33821,-118.205,33.9013890008739,9.4,06/18/2022
34566,-118.200707,33.8596620008734,7.5,06/18/2022
34894,-118.171019,33.7937130008725,6.6,06/18/2022
35219,-118.363036,34.1819770008773,10.4,06/18/2022
35545,-118.5284,34.38344,10.4,06/18/2022
35873,-118.130511,34.6697390008831,8.2,06/18/2022
36194,-120.034203,36.953256,2.7,06/18/2022
36518,-122.520004,37.97231,5.0,06/18/2022
36841,-119.587094,37.748707,4.6,06/18/2022
37164,-120.433671,37.281853,2.5,06/18/2022
37488,-120.480456,37.30832,1.7,06/18/2022
37976,-119.120278,37.962069,2.5,06/18/2022
38298,-121.73333,36.4818700009023,4.7,06/18/2022
38593,-121.126371,36.2092860008996,3.4,06/18/2022
38940,-121.623271,36.6942610009043,4.1,06/18/2022
39262,-121.055608,39.2334770009245,1.9,06/18/2022
39568,-120.184592,39.3278300009251,5.3,06/18/2022
39871,-120.184592,39.3278300009251,2.3,06/18/2022
40107,-117.93845,33.83062,7.1,06/18/2022
40288,-117.93845,33.83062,6.1,06/18/2022
40715,-121.09959,38.93568,3.3,06/18/2022
41022,-120.953831711,39.100174496,4.7,06/18/2022
41263,-121.26498,38.74643,1.8,06/18/2022
41577,-120.148833333333,39.1660166666667,2.0,06/18/2022
41812,-121.338353,38.867937000922,2.5,06/18/2022
41906,-120.944376,39.9395670009288,1.0,06/18/2022
42171,-120.944376,39.9395670009288,1.2,06/18/2022
42380,-121.227848,40.3096440009309,3.4,06/18/2022
42774,-120.47069,39.81336,4.2,06/18/2022
43094,-116.85841,33.92086,7.1,06/18/2022
43423,-117.072202,33.5830180008699,7.9,06/18/2022
43750,-116.1897,33.7196900008716,8.1,06/18/2022
43961,-116.830074,33.9447129,8.7,06/18/2022
44368,-117.41601,33.9995800008751,8.8,06/18/2022
44574,-117.41601,33.9995800008751,8.8,06/18/2022
44884,-117.4924,33.996360000875,8.5,06/18/2022
45093,-117.4924,33.996360000875,9.7,06/18/2022
45416,-117.33098,33.67649,3.0,06/18/2022
45730,-121.368014,38.6137790009202,3.1,06/18/2022
46084,-121.49311,38.56844,4.8,06/18/2022
46448,-121.164457,38.683304,1.5,06/18/2022
46762,-121.164457,38.683304,3.1,06/18/2022
47081,-121.503795,38.593322,2.7,06/18/2022
47401,-121.211131,38.494475,0.8,06/18/2022
47722,-121.3621,36.8434250009057,3.0,06/18/2022
48181,-117.61722,34.030833,8.7,06/18/2022
48341,-117.61722,34.030833,15.8,06/18/2022
48667,-117.32554,34.5109611108812,8.4,06/18/2022
48990,-117.32554,34.5109611108812,8.0,06/18/2022
49318,-117.62914,34.10374,6.1,06/18/2022
49720,-116.86147,34.2646400008783,4.6,06/18/2022
50143,-116.365,32.6509000008575,9.7,06/18/2022
50418,-116.768293,32.8423180008601,5.9,06/18/2022
50688,-117.396177,33.2170550008652,6.3,06/18/2022
50981,-116.92135,32.5781600008565,8.9,06/18/2022
51329,-116.944308,32.7895650008594,8.3,06/18/2022
51561,-117.142665,32.7101770008584,8.5,06/18/2022
51760,-117.090229999878,33.3625928342781,10.1,06/18/2022
51941,-122.399044,37.765946,4.2,06/18/2022
52261,-121.281414,37.961578,1.6,06/18/2022
52568,-121.247874,37.793392,2.4,06/18/2022
52894,-121.442495,37.682635,0.0,06/18/2022
53218,-120.56388,35.02083,13.3,06/18/2022
53542,-120.58777,35.0467300008874,17.7,06/18/2022
53866,-120.644719880058,35.2595015184308,6.5,06/18/2022
54183,-120.66617,35.49453,2.4,06/18/2022
54507,-122.20337,37.482934,3.5,06/18/2022
54822,-119.691217778642,34.4277749961254,7.0,06/18/2022
55145,-120.4328444444,34.8906666667,7.3,06/18/2022
55466,-120.4575,34.6378200008827,5.6,06/18/2022
55791,-119.8284,34.4455100008805,3.1,06/18/2022
56106,-121.574684,36.999571,4.1,06/18/2022
56462,-121.894898,37.348497,5.6,06/18/2022
56786,-121.849783,37.338135,3.5,06/18/2022
57107,-121.98822,36.983320000907,2.7,06/18/2022
57428,-122.083092,37.0631500009077,2.2,06/18/2022
57740,-122.38092,40.550130000932,2.0,06/18/2022
58034,-122.633579,41.726892,0.6,06/18/2022
58314,-122.237976,38.102507,2.7,06/18/2022
58614,-122.237976,38.102507,4.0,06/18/2022
58877,-122.818294,38.403765,3.0,06/18/2022
59200,-120.994212,37.642165,6.2,06/18/2022
59554,-120.836008,37.488317,2.5,06/18/2022
59878,-121.618548986224,39.1387725442464,3.8,06/18/2022
60193,-121.618548986224,39.1387725442464,3.5,06/18/2022
60358,-122.25556,40.17093,2.0,06/18/2022
60536,-122.9412,40.73475,3.0,06/18/2022
60708,-118.82915,36.48947,7.9,06/18/2022
61021,-119.3129,36.30815,9.1,06/18/2022
61361,-119.055018,36.0318310008979,5.3,06/18/2022
61683,-118.870509,34.210169,8.2,06/18/2022
62008,-118.80998,34.404281,6.0,06/18/2022
62332,-119.2313,34.44806,5.4,06/18/2022
62656,-118.683685,34.276316,8.1,06/18/2022
62979,-118.683685,34.276316,7.4,06/18/2022
63218,-119.143182,34.25239,5.9,06/18/2022
63543,-121.7734,38.53445,0.6,06/18/2022
63938,-73.194722,41.170833000935,3.3,06/18/2022
64291,-73.443056,41.399167000936,2.7,06/18/2022
64649,-72.679923,41.771444,2.9,06/18/2022
64978,-72.631667,41.7847220009374,3.1,06/18/2022
65363,-73.297257,41.8213420009376,2.3,06/18/2022
65776,-72.902871,41.3014000009356,3.0,06/18/2022
66100,-72.902871,41.3014000009356,3.1,06/18/2022
66277,-73.043611,41.550556,3.4,06/18/2022
66604,-72.07882,41.35362,3.3,06/18/2022
66933,-75.5568,38.986672,3.8,06/18/2022
67399,-75.732,39.5513,4.3,06/18/2022
67697,-75.6036,39.57768,3.9,06/18/2022
68013,-75.558056,39.739444,4.2,06/18/2022
68333,-75.6106,38.6539,4.6,06/18/2022
68649,-76.958072,38.895572,3.5,06/18/2022
68978,-77.013178,38.9218470009224,4.1,06/18/2022
69297,-77.013178,38.9218470009224,5.2,06/18/2022
69614,-76.953426,38.8947700009222,4.3,06/18/2022
69943,-77.012816,38.8751610009221,5.2,06/18/2022
70256,-82.26608,29.5661120008103,9.8,06/18/2022
70564,-82.26608,29.5661120008103,9.7,06/18/2022
70745,-82.441111,30.2011110008208,12.2,06/18/2022
71056,-85.731517,30.1304330008197,16.4,06/18/2022
71385,-80.628611,28.053611,7.1,06/18/2022
71703,-80.33845,26.0735360007455,5.5,06/18/2022
72380,-80.169817,26.132677,7.5,06/18/2022
72707,-80.0963533689314,26.2910878597443,6.1,06/18/2022
73031,-80.1763888888889,26.2941666666666,7.1,06/18/2022
73350,-82.6429652126674,28.9586436101112,10.8,06/18/2022
73646,-81.7109593300421,26.2700825638459,8.2,06/18/2022
73942,-82.619167,30.1780560008205,12.2,06/18/2022
74244,-81.635396,30.356339,12.1,06/18/2022
74572,-81.587339,30.477725,11.2,06/18/2022
74898,-81.633980694,30.135797178,9.5,06/18/2022
75302,-81.453611,30.2602780008218,11.0,06/18/2022
75625,-81.606833,30.262778,9.4,06/18/2022
75954,-87.20355,30.525367,14.2,06/18/2022
76225,-82.795356,30.426029,13.3,06/18/2022
76540,-82.419835,27.779712,11.3,06/18/2022
76854,-82.469532,27.9551330007819,9.0,06/18/2022
77020,-82.538429412,27.892523006,11.0,06/18/2022
77402,-82.2304,27.9656500007821,6.4,06/18/2022
77723,-85.603889,30.8486110008311,11.9,06/18/2022
78048,-81.8779081610228,26.602015752134,7.3,06/18/2022
78313,-81.8779081610228,26.602015752134,7.6,06/18/2022
78604,-84.346389,30.4397220008247,11.8,06/18/2022
78930,-82.100645862,29.170532805,9.2,06/18/2022
79246,-80.240689,27.172458,7.0,06/18/2022
79608,-80.399722,25.68333,8.4,06/18/2022
80309,-80.482778,25.471944,9.4,06/18/2022
80864,-80.666446785,26.724786003,5.3,06/18/2022
81191,-80.219619,26.687606,4.6,06/18/2022
81466,-80.0927778,26.4569444,6.6,06/18/2022
81795,-82.731766912,27.946687816,8.4,06/18/2022
82111,-82.7398753622281,27.7858655503876,9.1,06/18/2022
82359,-82.7007069013916,28.0902994860128,11.1,06/18/2022
82666,-81.972222,28.028889,7.9,06/18/2022
82979,-87.008033,30.394133000824,16.2,06/18/2022
83305,-82.507222,27.290556,9.6,06/18/2022
83624,-82.362583,27.089194,8.4,06/18/2022
83946,-81.310556,28.746111,7.4,06/18/2022
84176,-81.0525,29.206667,9.6,06/18/2022
84488,-84.161111,30.0925000008191,11.4,06/18/2022
84970,-83.5434927764767,32.8052638843599,9.9,06/18/2022
85282,-81.1302223986278,32.0907794615767,10.7,06/18/2022
85597,-83.3443853953649,33.91813699186,7.6,06/18/2022
85890,-83.3443853953649,33.91813699186,7.5,06/18/2022
86559,-84.2905,33.6878000008711,8.7,06/18/2022
86965,-84.0998,31.5776000008422,12.5,06/18/2022
87291,-85.3232,34.2605000008783,4.7,06/18/2022
87686,-84.3573161635597,33.720742384971,8.4,06/18/2022
88041,-84.3914,33.7784000008724,5.6,06/18/2022
88397,-81.4950347836971,31.1698048619361,6.1,06/18/2022
88725,-84.0691,33.9632,6.8,06/18/2022
89043,-83.8134,34.2993000008787,6.6,06/18/2022
89368,-84.1618105696717,33.4339490197359,6.9,06/18/2022
89765,-83.5978,32.6056000008569,9.9,06/18/2022
90162,-83.2933,30.8486000008311,13.3,06/18/2022
90552,-84.9446347567188,32.521272004906,8.8,06/18/2022
91013,-82.0224,33.433900000868,9.2,06/18/2022
91399,-85.2943,34.9784,7.4,06/18/2022
91726,-82.8068706036265,32.9673591607715,12.8,06/18/2022
92108,-116.347853,43.600699,3.3,06/18/2022
92431,-116.214562837,43.647666863,1.4,06/18/2022
92758,-112.460347,42.876725,7.4,06/18/2022
93062,-116.571281045,47.316576569,3.0,06/18/2022
93270,-116.571281045,47.316576569,4.6,06/18/2022
93909,-115.83949967,43.822910411,5.3,06/18/2022
94228,-115.972386,44.104498,3.5,06/18/2022
94557,-116.556656,48.292141,3.5,06/18/2022
94874,-112.04645,43.464700000942,9.6,06/18/2022
95198,-116.562676,43.58031,4.5,06/18/2022
95375,-116.562676,43.58031,2.3,06/18/2022
95786,-111.864167,42.082222,17.6,06/18/2022
96115,-116.116254548,45.931274394,0.7,06/18/2022
96421,-116.0275,46.2094,0.4,06/18/2022
96721,-116.827245,47.715385,0.7,06/18/2022
97044,-116.960176895,46.72182012,-2.0,06/18/2022
97357,-113.890285,45.1818970009432,5.2,06/18/2022
97538,-113.890285,45.1818970009432,5.7,06/18/2022
97866,-116.992533,46.408352,0.8,06/18/2022
98183,-116.8062,46.3972,2.6,06/18/2022
98476,-116.236667,47.536389,2.8,06/18/2022
98657,-116.236667,47.536389,2.2,06/18/2022
99286,-116.1065,44.890197,4.1,06/18/2022
99610,-85.891331718,39.237456874,2.5,06/18/2022
100118,-85.741336506,38.2881908269178,5.8,06/18/2022
100591,-85.96844591,41.657154959937,4.1,06/18/2022
100964,-85.939546219,39.96088418,1.7,06/18/2022
101420,-86.109688135,40.4813468883317,2.7,06/18/2022
101872,-87.304943321,41.6066623240368,1.5,06/18/2022
102451,-87.435561426,41.653500828937,5.0,06/18/2022
102778,-87.495043676,41.5944266019368,4.7,06/18/2022
103101,-87.495043676,41.5944266019368,4.9,06/18/2022
103421,-85.652184,40.1257028009299,3.9,06/18/2022
103895,-86.114444,39.810833000928,4.6,06/18/2022
104820,-86.130879593,39.787933053,6.3,06/18/2022
105220,-86.504761719,39.159383056924,2.5,06/18/2022
105528,-87.199167,41.6175000009369,2.6,06/18/2022
105962,-86.214722,41.6966604109371,4.6,06/18/2022
106355,-86.8525,40.431639,1.4,06/18/2022
106787,-87.577222,38.0133330009157,6.0,06/18/2022
107105,-87.401312,39.4859870009261,5.1,06/18/2022
107422,-87.401312,39.4859870009261,5.5,06/18/2022
107543,-85.6292924,41.169645500935,3.1,06/18/2022
107735,-85.6292924,41.169645500935,4.4,06/18/2022
108215,-88.37251,40.05278,4.5,06/18/2022
108563,-87.7324568962847,41.6709918952829,2.9,06/18/2022
109047,-87.722673,41.912739,4.7,06/18/2022
109228,-87.7134881520007,41.7513999786378,3.6,06/18/2022
109393,-87.7134881520007,41.7513999786378,3.8,06/18/2022
109706,-87.5574060746384,41.5786196210494,3.8,06/18/2022
110350,-87.8632254343829,42.0602846910538,3.3,06/18/2022
110755,-87.7992269168431,42.139996190948,2.9,06/18/2022
111119,-87.7489023825124,41.8644264230095,3.6,06/18/2022
111438,-88.1525336515249,41.7710709444974,4.4,06/18/2022
111765,-88.6249434004072,38.0821551646727,4.6,06/18/2022
112094,-90.344494,39.101439,4.9,06/18/2022
112562,-88.2422073399828,42.221441662101,5.0,06/18/2022
112891,-88.9968957084304,40.5187353721062,4.1,06/18/2022
113220,-88.9968957084304,40.5187353721062,3.9,06/18/2022
113524,-88.925594450544,39.866833885022,3.8,06/18/2022
114020,-90.1396748417377,38.7045342604079,7.8,06/18/2022
114454,-89.5847372162891,40.6970070002047,4.3,06/18/2022
114762,-89.7884586171723,38.1762776056649,5.1,06/18/2022
115085,-90.5173502630811,41.5147269688183,4.3,06/18/2022
115412,-90.1604766324869,38.6120344810656,6.7,06/18/2022
115727,-89.6441635862288,39.8319208689568,5.4,06/18/2022
116054,-88.1164738092357,41.526885089371,4.6,06/18/2022
116375,-88.190967175228,41.2215370677657,4.5,06/18/2022
116704,-89.08917,42.2670002,3.8,06/18/2022
117120,-92.316017,42.5015430009398,3.2,06/18/2022
117422,-92.316017,42.5015430009398,6.3,06/18/2022
117733,-90.2119824210274,41.8232826881747,3.8,06/18/2022
118000,-90.2119824210274,41.8232826881747,5.6,06/18/2022
118326,-90.2119824210274,41.8232826881747,4.8,06/18/2022
118728,-91.503478,41.657232000937,5.5,06/18/2022
118996,-91.503478,41.657232000937,5.1,06/18/2022
119318,-91.503478,41.657232000937,5.2,06/18/2022
119721,-91.68766,41.97677,3.9,06/18/2022
120071,-91.68766,41.97677,4.9,06/18/2022
120394,-91.68766,41.97677,5.2,06/18/2022
120808,-95.044951,40.9691120009341,6.1,06/18/2022
121123,-95.044951,40.9691120009341,7.1,06/18/2022
121439,-91.0679566789336,41.4009679259914,6.3,06/18/2022
121840,-91.068449,41.401459,6.2,06/18/2022
122157,-91.068449,41.401459,5.9,06/18/2022
122633,-94.693518,43.1237040009413,7.0,06/18/2022
122957,-94.693518,43.1237040009413,8.1,06/18/2022
123278,-93.643118,41.6031590009368,6.0,06/18/2022
123624,-93.643118,41.6031590009368,6.3,06/18/2022
123948,-93.643118,41.6031590009368,5.7,06/18/2022
124470,-90.5876108140407,41.5300106207475,3.3,06/18/2022
124779,-90.5876108140407,41.5300106207475,4.3,06/18/2022
125103,-90.5876108140407,41.5300106207475,4.4,06/18/2022
125591,-92.006318,40.695078,5.7,06/18/2022
125900,-92.006318,40.695078,6.4,06/18/2022
126303,-94.746424,38.838575,22.9,06/18/2022
126630,-95.47594,37.67696,28.6,06/18/2022
126959,-97.314847,37.702066,23.0,06/18/2022
127288,-95.711275,39.024265,28.4,06/18/2022
127594,-97.366399,37.47689,25.1,06/18/2022
127906,-99.763424,38.770081,23.0,06/18/2022
128284,-94.635605,39.117219,17.2,06/18/2022
128577,-83.73694,36.60843,6.5,06/18/2022
128903,-82.64041,38.45934,4.7,06/18/2022
129346,-84.47445,39.021881,4.1,06/18/2022
129992,-87.323337,36.91171,4.8,06/18/2022
130320,-87.075307,37.780776,4.5,06/18/2022
130648,-84.49761,38.06503,4.1,06/18/2022
131011,-85.852629,37.705612,4.4,06/18/2022
131335,-85.89804,38.0609100009161,5.3,06/18/2022
131663,-85.65452,38.2287600009174,4.3,06/18/2022
131990,-85.7119,38.1936,5.9,06/18/2022
132318,-85.574361,38.182435,5.5,06/18/2022
132641,-85.82678,38.2315800009174,4.3,06/18/2022
132960,-88.57251,37.05822,5.8,06/18/2022
133287,-83.20932,37.28329,6.2,06/18/2022
133613,-82.53532,37.4826,4.4,06/18/2022
133941,-84.61152,37.09798,4.8,06/18/2022
134265,-86.21487,37.04926,4.4,06/18/2022
134588,-86.21487,37.04926,4.5,06/18/2022
135176,-93.2850842698347,30.2626041187534,14.7,06/18/2022
135561,-91.179219,30.461981,19.2,06/18/2022
135748,-91.179219,30.461981,17.1,06/18/2022
136137,-90.2728258440869,30.0412377293313,13.6,06/18/2022
136462,-92.0429082948787,30.2261097092031,14.1,06/18/2022
136756,-90.765274558,29.764098203,17.5,06/18/2022
137064,-90.8113827241473,30.3154062678331,18.3,06/18/2022
137377,-90.101549844771,29.9935192585394,14.0,06/18/2022
138172,-90.199678,30.4293810008245,12.4,06/18/2022
138642,-91.213556,30.500642,14.9,06/18/2022
138816,-70.214219,44.089406,0.7,06/18/2022
139141,-68.321106,47.355332,0.0,06/18/2022
139516,-68.016195,46.682299,1.5,06/18/2022
139845,-68.033006,46.696431,3.1,06/18/2022
140227,-70.268965,43.660246,1.2,06/18/2022
140545,-68.2609,44.377050000943,2.2,06/18/2022
140969,-70.546319,44.551419,0.4,06/18/2022
141290,-68.772762,44.8173980009432,2.2,06/18/2022
141628,-76.633543,39.460478000926,5.7,06/18/2022
141980,-75.864771,39.702982,4.9,06/18/2022
142296,-76.141006,38.587525,6.1,06/18/2022
142614,-79.012,39.70595,3.1,06/18/2022
142934,-76.296946,39.410191,4.5,06/18/2022
143258,-76.84611,39.14313,4.5,06/18/2022
143578,-75.797317,39.305021,4.3,06/18/2022
143894,-77.106876,39.114313,4.5,06/18/2022
144266,-76.878333,39.055277,3.3,06/18/2022
144547,-77.720244,39.564178,2.8,06/18/2022
144906,-76.58905,39.3374600009252,2.6,06/18/2022
145262,-73.2396482491513,42.4522993070341,2.4,06/18/2022
145587,-73.110414,42.7022230009403,1.2,06/18/2022
145907,-71.1692346663934,41.6857067155718,3.3,06/18/2022
146463,-71.102290324038,42.7708365765506,1.6,06/18/2022
146829,-72.596689,42.605816,2.1,06/18/2022
147158,-72.5551116962843,42.194380465342,2.1,06/18/2022
147494,-72.5845032277788,42.1202291946886,3.5,06/18/2022
147737,-72.3340786435612,42.2984926849719,1.0,06/18/2022
148059,-71.3069864063041,42.6120846820042,2.2,06/18/2022
148379,-70.963346,42.241229,2.5,06/18/2022
148704,-71.0121294262363,42.0651056363862,5.9,06/18/2022
149078,-71.0971627875593,42.3488727124916,2.7,06/18/2022
149457,-71.0826,42.3295,2.6,06/18/2022
149812,-71.056061,42.325186,3.1,06/18/2022
150136,-71.056061,42.325186,3.0,06/18/2022
150347,-71.026111,42.387222,2.8,06/18/2022
150667,-71.7943222531487,42.2639545825909,6.4,06/18/2022
150972,-86.1485772164682,42.7677855514527,4.0,06/18/2022
151290,-83.8907206820599,43.5713906134716,2.3,06/18/2022
151610,-83.6701590874905,43.0472241917062,5.5,06/18/2022
151973,-84.5627790819822,42.7613867496542,6.6,06/18/2022
152322,-85.5418899211592,42.2780666736986,5.3,06/18/2022
152628,-85.6713387423288,42.9841730428365,5.1,06/18/2022
153034,-83.9465593762963,41.9955676998722,5.6,06/18/2022
153356,-82.79346283166,42.7313941191528,4.9,06/18/2022
153757,-84.8918653238824,44.3105554203758,6.2,06/18/2022
154091,-85.8527340226485,42.8944506594294,4.8,06/18/2022
154408,-82.4562287816265,42.9533362711269,5.1,06/18/2022
154700,-85.9502269219365,46.2888771607497,4.8,06/18/2022
155021,-83.5996022282151,42.2405654781129,6.4,06/18/2022
155311,-83.2082000228824,42.2286201358284,4.5,06/18/2022
155794,-83.1065304278455,42.3027864681917,7.1,06/18/2022
156306,-83.1487538477324,42.3066744897716,7.8,06/18/2022
156624,-83.2661886555648,42.3859980524931,5.7,06/18/2022
156946,-83.1578933,42.2616692009391,5.3,06/18/2022
157208,-83.091943,42.3121580009392,4.4,06/18/2022
157531,-83.129431,42.295824,5.7,06/18/2022
157853,-83.103469,42.312078,5.0,06/18/2022
158165,-82.979793,42.388405,4.5,06/18/2022
158399,-93.207614975211,45.1376795361548,4.2,06/18/2022
158703,-95.846272,46.851811,5.9,06/18/2022
159016,-95.029172,47.8781590009383,3.1,06/18/2022
159339,-92.511722,46.7136940009414,1.0,06/18/2022
159659,-94.60166,47.3844300009398,4.7,06/18/2022
160215,-94.1303,46.396740000942,4.5,06/18/2022
160524,-93.23725,44.7384600009432,3.2,06/18/2022
160821,-93.285803,44.706123,3.8,06/18/2022
161133,-93.254759,44.9652420009432,2.5,06/18/2022
161491,-93.25821,44.9536600009432,4.2,06/18/2022
161859,-91.495574,47.948622,4.3,06/18/2022
162154,-95.81789,44.4438000009431,7.6,06/18/2022
162483,-92.450366,43.996908,3.9,06/18/2022
162916,-93.03587,44.9593900009432,3.2,06/18/2022
163225,-93.03587,44.9593900009432,3.2,06/18/2022
163378,-92.536305,47.5233550009394,4.0,06/18/2022
163699,-92.08936,46.8182600009412,1.1,06/18/2022
163989,-92.1659975412758,46.7436571531727,2.3,06/18/2022
164291,-93.512534,44.7914370009432,5.5,06/18/2022
164846,-93.66921,45.2091600009432,2.9,06/18/2022
165156,-90.734175,33.750838,13.3,06/18/2022
165485,-89.98778,34.82056,11.4,06/18/2022
165857,-89.2922,31.32389,12.6,06/18/2022
166186,-89.395916,30.3008330008224,11.2,06/18/2022
166514,-89.0497776193734,30.390369181243,13.2,06/18/2022
166933,-90.182722,32.329111,14.2,06/18/2022
167261,-90.225667,32.346722,13.2,06/18/2022
167588,-88.5339296135032,30.3782867218264,11.3,06/18/2022
167901,-94.858584090462,39.7416944853212,12.7,06/18/2022
168218,-94.858584090462,39.7416944853212,8.5,06/18/2022
168398,-94.57983,38.75961,18.3,06/18/2022
168727,-94.03474,37.70097,18.4,06/18/2022
169054,-94.3770140393154,39.3031741035639,7.3,06/18/2022
169378,-93.2998938430676,37.2561370295805,13.4,06/18/2022
169646,-93.2998938430676,37.2561370295805,13.4,06/18/2022
169827,-94.5707895938208,39.1046863699472,12.7,06/18/2022
170156,-94.5707895938208,39.1046863699472,13.9,06/18/2022
170335,-94.450513,39.047911,13.3,06/18/2022
170650,-90.3959043035092,38.4486717884839,6.0,06/18/2022
170959,-90.3503131332522,38.6503289014021,3.9,06/18/2022
171486,-90.2637112060473,38.542550531558,4.5,06/18/2022
171849,-90.1983482680334,38.656428944875,5.1,06/18/2022
172175,-90.1983482680334,38.656428944875,5.3,06/18/2022
172347,-90.1898679960933,38.6564789512734,9.4,06/18/2022
172663,-90.1898679960933,38.6564789512734,5.7,06/18/2022
172844,-90.28115,38.6311400009204,5.9,06/18/2022
173165,-111.303317,47.494318,6.0,06/18/2022
173492,-105.8127777778,46.4113888889,14.1,06/18/2022
173813,-109.455315,47.048537,6.2,06/18/2022
174140,-114.189272,48.363694,6.4,06/18/2022
174469,-111.089618,44.657014,7.9,06/18/2022
174796,-111.056282,45.683765,6.6,06/18/2022
175182,-111.987164,46.8505,6.1,06/18/2022
175537,-112.013089,46.658762,8.1,06/18/2022
175865,-112.013089,46.658762,8.8,06/18/2022
176108,-115.553309333839,48.3915450080109,6.0,06/18/2022
176435,-114.021498634245,46.8421813619225,2.9,06/18/2022
176760,-114.224273,47.012907,7.0,06/18/2022
177089,-113.476182,47.17563,4.4,06/18/2022
177418,-107.862471,48.317507,8.5,06/18/2022
177747,-105.370283,45.440295,10.3,06/18/2022
178075,-114.158889,46.243621,6.0,06/18/2022
178396,-104.67694444,47.8679000009384,8.4,06/18/2022
178725,-115.323746,47.594395,5.1,06/18/2022
179079,-112.501247,46.002602,5.6,06/18/2022
179402,-108.425978,45.8063110009428,9.3,06/18/2022
179731,-95.973142,41.2474860009354,14.4,06/18/2022
180274,-96.824166,40.285,24.6,06/18/2022
180500,-98.378888,40.9155550009339,26.6,06/18/2022
180900,-95.956103,41.1332940009349,13.5,06/18/2022
181198,-103.656561,41.876853,8.7,06/18/2022
181483,-103.658056,41.875556,8.7,06/18/2022
181753,-96.146175,41.5512110009366,12.7,06/18/2022
181948,-96.146175,41.5512110009366,12.7,06/18/2022
182248,-114.050347,36.815897,6.3,06/18/2022
182573,-115.253333,36.106389,4.2,06/18/2022
182902,-115.268516754406,36.0047334387416,3.9,06/18/2022
183231,-115.263038,36.16976,4.2,06/18/2022
183558,-115.332728,36.173415,3.5,06/18/2022
183883,-115.332728,36.173415,3.7,06/18/2022
184064,-115.238282,36.270592,4.2,06/18/2022
184393,-115.052942,36.048705,4.5,06/18/2022
184722,-115.148885,35.987908,4.6,06/18/2022
185165,-115.078742,36.141875,8.0,06/18/2022
185551,-115.11393,36.163962,4.6,06/18/2022
185880,-114.835007,35.969848,4.9,06/18/2022
186208,-115.357087,35.7856650008953,4.1,06/18/2022
186536,-115.175654,36.1397070008989,4.7,06/18/2022
186865,-115.13977,36.174365,4.9,06/18/2022
187060,-115.091437,36.214465,5.2,06/18/2022
187389,-119.732507,38.897557,1.2,06/18/2022
187713,-119.7396057,39.3998365,3.0,06/18/2022
188099,-119.7954,39.5219333333333,-1.5,06/18/2022
188426,-119.7467605,39.5409171,2.3,06/18/2022
188752,-119.71877,39.621434,4.2,06/18/2022
189077,-119.7661,39.1447,1.4,06/18/2022
189429,-71.496335,43.5661220009421,1.9,06/18/2022
189782,-72.272332,42.9305210009409,3.4,06/18/2022
190107,-72.309499,43.6296050009422,1.6,06/18/2022
190492,-71.878626,42.8618300009407,1.6,06/18/2022
190820,-70.748017,43.0753710009412,2.4,06/18/2022
191204,-71.38014,42.8625310009407,2.0,06/18/2022
191609,-74.448736,39.464872,4.5,06/18/2022
192009,-73.96618,40.85355,3.2,06/18/2022
192455,-75.125219,39.934559,6.0,06/18/2022
192852,-75.025204,39.422273,2.1,06/18/2022
193234,-74.192892,40.720989,6.2,06/18/2022
193576,-74.036218,40.770908,2.0,06/18/2022
193761,-74.052293,40.725413,3.2,06/18/2022
194066,-74.052293,40.725413,3.2,06/18/2022
194384,-74.806671,40.515262,3.2,06/18/2022
194691,-74.742613,40.283092,5.0,06/18/2022
194999,-74.763167,40.222411,3.7,06/18/2022
195407,-74.429439,40.462182,5.5,06/18/2022
195789,-74.170447,39.994908,4.1,06/18/2022
196168,-74.208365,40.64144,6.0,06/18/2022
196474,-74.208365,40.64144,5.8,06/18/2022
197133,-75.067815,40.92458,4.5,06/18/2022
197533,-106.5852,35.1343000008884,9.5,06/18/2022
197859,-106.60468,35.1443000008885,7.6,06/18/2022
198271,-106.65739,35.01708,8.9,06/18/2022
198580,-106.50815,35.1852000008889,7.2,06/18/2022
198906,-106.613815,35.193240000889,7.5,06/18/2022
199220,-106.599714692,32.003711801,11.0,06/18/2022
199754,-106.683324495,31.787884954,7.1,06/18/2022
200076,-106.768337357,32.322037337,8.3,06/18/2022
200403,-103.122917,32.726656,16.0,06/18/2022
200720,-106.07968,35.6197500008936,7.0,06/18/2022
201043,-105.583899941,36.383359115,9.9,06/18/2022
201470,-73.75464,42.64225,2.0,06/18/2022
201848,-73.92009,40.83606,0.2,06/18/2022
202144,-73.902,40.816,3.7,06/18/2022
202806,-78.8095260117327,42.8769066671345,3.8,06/18/2022
203079,-78.7658253281598,42.9211072796373,2.6,06/18/2022
203403,-78.89926,42.99813,2.0,06/18/2022
203693,-73.8589,44.39308,2.0,06/18/2022
203963,-74.01871,40.64182,3.9,06/18/2022
204515,-77.5572802599319,43.1450126807403,1.8,06/18/2022
204913,-77.54817,43.14618,3.0,06/18/2022
205240,-73.58549,40.74316,1.2,06/18/2022
205621,-73.935649,40.8495500009336,1.2,06/18/2022
205884,-73.94825,40.81976,0.2,06/18/2022
206121,-75.22506,43.09892,-0.3,06/18/2022
206456,-76.05921,43.05235,3.1,06/18/2022
206859,-74.00885,41.49916,0.3,06/18/2022
207118,-73.89313,40.72698,0.9,06/18/2022
207462,-73.82153,40.73614,4.1,06/18/2022
207791,-73.817694,40.739264,1.1,06/18/2022
208150,-74.13719,40.63307,1.3,06/18/2022
208405,-74.19832,40.58027,1.4,06/18/2022
208663,-74.02819,41.18208,-0.1,06/18/2022
209008,-77.20978,42.09142,3.0,06/18/2022
209405,-73.05754,40.82799,0.6,06/18/2022
209675,-73.76366,41.05192,-0.2,06/18/2022
209965,-82.5844,35.6062000008935,4.9,06/18/2022
210282,-81.365556,35.728889,4.1,06/18/2022
210458,-81.365556,35.728889,4.2,06/18/2022
210767,-78.953112,35.041416,7.5,06/18/2022
211120,-80.2627,35.8145,6.5,06/18/2022
211409,-78.904037,36.0329550008979,5.3,06/18/2022
211709,-77.5843,35.988278,7.2,06/18/2022
212083,-80.224501,36.11094,6.1,06/18/2022
212438,-80.341962,36.026612,5.4,06/18/2022
212759,-79.802314,36.1090060008986,6.8,06/18/2022
213064,-78.4622,35.59095,7.7,06/18/2022
213433,-80.785683,35.2401000008895,5.6,06/18/2022
213769,-80.874084,35.213171,6.0,06/18/2022
214086,-80.851473,35.28179100089,5.8,06/18/2022
214387,-82.062082,35.9124870008966,5.3,06/18/2022
214709,-79.836636,35.2631650008898,7.4,06/18/2022
215015,-77.838611,34.364167,6.6,06/18/2022
215334,-77.838611,34.364167,8.4,06/18/2022
215515,-77.655389,36.5117080009026,6.0,06/18/2022
215825,-77.360126,35.6412760008938,7.5,06/18/2022
216143,-80.395039,35.551868,5.5,06/18/2022
216451,-83.442133,35.434767,6.4,06/18/2022
216804,-78.574167,35.856111,7.0,06/18/2022
217123,-78.8197,35.8652,4.4,06/18/2022
217764,-102.4018,48.6419300009354,11.4,06/18/2022
218247,-100.76821,46.8254250009412,19.9,06/18/2022
218574,-96.85535,46.933754000941,7.3,06/18/2022
218894,-102.645864,47.34242300094,12.0,06/18/2022
219189,-103.2995,47.5812,11.5,06/18/2022
219518,-101.766944,47.2986110009401,10.4,06/18/2022
219847,-101.766944,47.2986110009401,10.6,06/18/2022
220175,-101.428056,47.1858330009404,14.3,06/18/2022
220497,-101.571583,47.9408610009381,10.8,06/18/2022
220865,-84.0539,40.7709440009332,3.9,06/18/2022
221504,-84.409617,39.479822,6.9,06/18/2022
221920,-84.394952,39.472436,5.7,06/18/2022
222469,-83.80949,39.92882,4.5,06/18/2022
224408,-81.494833,41.44013,3.6,06/18/2022
224839,-82.815585,40.0845140009297,2.5,06/18/2022
225396,-83.065415,40.11107,5.1,06/18/2022
225853,-84.36625,39.2787,4.3,06/18/2022
226165,-84.69086,39.21487,2.8,06/18/2022
226576,-84.478974,39.19433,5.0,06/18/2022
226993,-84.50404,39.12886,4.2,06/18/2022
227412,-84.55117,39.10492,4.6,06/18/2022
227826,-84.538375,39.146025,5.5,06/18/2022
228321,-80.6158,40.3663,3.9,06/18/2022
228736,-81.242156,41.726811,3.4,06/18/2022
229148,-82.659241,38.508075,4.6,06/18/2022
229540,-83.54616,41.644067,5.1,06/18/2022
230080,-80.64057637,41.1061822,3.4,06/18/2022
230535,-81.9239,41.0604,2.5,06/18/2022
230992,-84.198674,39.7559690009278,4.3,06/18/2022
231493,-84.720524,39.83562,3.8,06/18/2022
232177,-81.373,40.800717,3.7,06/18/2022
232638,-81.468956,41.063526,3.9,06/18/2022
233085,-80.80116,41.2317200009353,8.5,06/18/2022
233451,-84.20077,39.42689,5.7,06/18/2022
233761,-94.669697,35.750735000895,17.5,06/18/2022
234068,-97.462931,34.244189,14.7,06/18/2022
234384,-97.484099,35.3201050008904,20.9,06/18/2022
234707,-98.42879,34.63298,16.4,06/18/2022
235024,-98.931973,36.1584140008991,21.7,06/18/2022
235328,-97.08135,36.6971860009043,21.5,06/18/2022
235638,-95.6322855667227,36.9184103847806,20.9,06/18/2022
235981,-97.5779809690174,35.503069688433,18.8,06/18/2022
236357,-97.475083,35.6141310008935,21.3,06/18/2022
236677,-94.838889,36.922222,21.4,06/18/2022
236962,-95.78441,34.8856080008856,17.0,06/18/2022
237380,-94.524413,35.4081400008914,15.8,06/18/2022
237704,-96.004975,35.9537080008971,18.6,06/18/2022
237911,-95.976537,36.2049020008996,20.2,06/18/2022
238113,-95.976537,36.2049020008996,20.7,06/18/2022
238392,-96.012749,35.9013240008965,19.3,06/18/2022
238597,-117.8446,44.78822,2.4,06/18/2022
238926,-123.2673,44.5884,3.5,06/18/2022
239130,-122.588151,45.25928,4.0,06/18/2022
239459,-122.332626,45.2914130009432,3.5,06/18/2022
239839,-122.7721,45.768531,4.2,06/18/2022
240409,-124.263889,43.381944,-2.1,06/18/2022
240785,-120.844773,44.299787,1.2,06/18/2022
241276,-121.5555,44.2921,1.6,06/18/2022
241605,-121.272518,44.093619,2.3,06/18/2022
241927,-121.330964,44.024283,1.9,06/18/2022
242225,-121.434248,43.868956,2.2,06/18/2022
242549,-121.312554,44.063916,1.9,06/18/2022
242876,-121.2942,44.0548000009428,2.5,06/18/2022
243196,-121.190338,44.274996000943,2.3,06/18/2022
243521,-121.5273,43.7037600009423,2.4,06/18/2022
244165,-118.9513,44.418,5.7,06/18/2022
244494,-119.04872,43.58925,1.9,06/18/2022
244698,-119.04872,43.58925,1.9,06/18/2022
245021,-121.52739,45.6851300009429,3.6,06/18/2022
245344,-122.810158,42.623225,3.7,06/18/2022
245673,-122.7877,42.229891,3.2,06/18/2022
246002,-122.7086,42.1941,3.0,06/18/2022
246372,-122.880266,42.33155,4.2,06/18/2022
246701,-121.13165,44.63062,2.1,06/18/2022
247030,-123.64835,42.1617,3.9,06/18/2022
247411,-123.348466,42.434139,3.0,06/18/2022
247734,-121.731369,42.190296,1.2,06/18/2022
248042,-121.731369,42.190296,1.5,06/18/2022
248207,-122.146241466888,42.9107711613949,2.4,06/18/2022
248512,-121.921636,42.5410770009399,1.7,06/18/2022
248874,-120.353969,42.189215,1.6,06/18/2022
249199,-123.1413524,44.0672238,4.9,06/18/2022
249380,-123.1413524,44.0672238,4.0,06/18/2022
249707,-123.083737,44.026312,32.8,06/18/2022
249888,-123.083737,44.026312,3.1,06/18/2022
250210,-124.109192,43.989644,3.4,06/18/2022
250534,-123.1211,44.1158,2.5,06/18/2022
250860,-123.017704,44.046696,3.6,06/18/2022
251183,-122.480487,43.744352,2.7,06/18/2022
251364,-122.480487,43.744352,2.0,06/18/2022
251692,-123.053487,43.799501,3.5,06/18/2022
251873,-123.053487,43.799501,3.6,06/18/2022
252167,-123.091457,44.61569,3.4,06/18/2022
252472,-122.479672,44.752092,3.3,06/18/2022
252780,-122.7305,44.3958,3.3,06/18/2022
253107,-122.617048,44.778743,3.5,06/18/2022
253413,-116.9697,44.0334000009427,2.6,06/18/2022
253736,-122.915085,44.81029,3.8,06/18/2022
254065,-122.790382,45.014998,3.4,06/18/2022
254611,-123.005934,44.943114,3.5,06/18/2022
254925,-122.182756,44.728314,2.9,06/18/2022
255241,-122.737682,45.590049,4.1,06/18/2022
255565,-122.48337,45.4962300009431,4.2,06/18/2022
255886,-122.6881,45.5187,4.0,06/18/2022
256210,-122.653294,45.51421,4.5,06/18/2022
256523,-122.5795,45.5418,4.4,06/18/2022
256906,-122.602877,45.496641,5.3,06/18/2022
257230,-122.575278,45.562500000943,5.1,06/18/2022
257557,-123.30198,44.9225900009432,3.3,06/18/2022
257879,-123.8028,45.4573500009431,3.6,06/18/2022
258153,-118.823033,45.652231,2.0,06/18/2022
258482,-119.262991,45.828968,2.8,06/18/2022
258811,-117.812896,45.300884,2.5,06/18/2022
259140,-118.0778,45.3235,2.8,06/18/2022
259468,-117.296066,45.426351,2.3,06/18/2022
259776,-121.203387,45.602419,2.8,06/18/2022
260180,-122.972398,45.528501,4.1,06/18/2022
260565,-122.747894,45.393497,5.4,06/18/2022
260892,-123.10554,45.524830000943,3.7,06/18/2022
261216,-122.816411,45.470191,4.1,06/18/2022
261598,-77.3096801656909,39.9200201125851,4.5,06/18/2022
261917,-80.0713371969741,40.4997665699716,3.8,06/18/2022
262229,-79.9607574502479,40.4654203279986,3.8,06/18/2022
262554,-79.8680624013838,40.3237675516937,2.2,06/18/2022
262748,-79.8680624013838,40.3237675516937,2.9,06/18/2022
263217,-79.8609731768317,40.402328034171,3.9,06/18/2022
263486,-79.863572,40.43743,3.9,06/18/2022
263758,-79.8853311242625,40.2943405647412,3.4,06/18/2022
264029,-79.5647497763623,40.8141826239239,4.2,06/18/2022
264228,-80.299211,40.691857,3.4,06/18/2022
264412,-80.3164417143694,40.7477958611323,4.6,06/18/2022
264633,-80.3164417143694,40.7477958611323,4.7,06/18/2022
264954,-75.9686,40.38335,3.2,06/18/2022
265282,-78.370833,40.535278,4.1,06/18/2022
265589,-76.512726,41.705226,3.0,06/18/2022
265882,-78.915,40.309722,5.8,06/18/2022
266205,-78.915,40.309722,5.2,06/18/2022
266442,-77.877028,40.811389,4.1,06/18/2022
266763,-75.768242075333,39.8344605866755,3.8,06/18/2022
266995,-77.18675,40.246528,2.3,06/18/2022
267228,-77.18675,40.246528,4.0,06/18/2022
267583,-76.846988,40.246992,3.9,06/18/2022
267892,-75.3725,39.835556,4.7,06/18/2022
268118,-75.3725,39.835556,6.1,06/18/2022
268440,-75.413973,39.818715,4.0,06/18/2022
268754,-80.038611,42.14175,3.7,06/18/2022
269082,-79.805499,39.917663,3.9,06/18/2022
269343,-80.26567,39.80933,4.0,06/18/2022
269628,-78.919972,40.56333,4.1,06/18/2022
269945,-75.623056,41.442778,3.3,06/18/2022
270203,-76.283333,40.046667,2.7,06/18/2022
270473,-76.283333,40.046667,3.7,06/18/2022
270768,-76.1124,40.0438330009294,2.9,06/18/2022
271000,-76.1124,40.0438330009294,5.4,06/18/2022
271306,-76.394788,40.338516,2.7,06/18/2022
271547,-76.394788,40.338516,3.7,06/18/2022
271869,-75.4325,40.611944,3.8,06/18/2022
272179,-77.231189,41.266263,3.4,06/18/2022
272370,-80.4847786925965,41.2150135311878,3.3,06/18/2022
272698,-75.309167,40.112222,3.5,06/18/2022
273010,-75.341111,40.628056,3.4,06/18/2022
273315,-75.09778,40.008889,3.8,06/18/2022
273550,-75.080833,39.991389,4.3,06/18/2022
273843,-75.080833,39.991389,4.3,06/18/2022
274024,-75.186921,39.922867,3.6,06/18/2022
274344,-75.142614,39.9600480009289,4.0,06/18/2022
274632,-74.985166,40.054171,4.3,06/18/2022
274943,-75.207205,39.988842,3.9,06/18/2022
275121,-75.6862189163781,41.8673310595086,2.8,06/18/2022
275396,-76.939167,41.644722,3.0,06/18/2022
275659,-79.902222,40.146667,3.8,06/18/2022
275977,-80.420833,40.445278,3.6,06/18/2022
276280,-80.243995,40.268963,3.7,06/18/2022
276547,-79.505667,40.304694,3.8,06/18/2022
276823,-75.95774,41.605244,3.0,06/18/2022
277095,-76.699444,39.965278,4.4,06/18/2022
277413,-71.72,41.615237,1.1,06/18/2022
277730,-71.412968,41.807469,2.4,06/18/2022
278101,-71.36097,41.841039,2.6,06/18/2022
278421,-71.36097,41.841039,3.5,06/18/2022
278654,-71.423705,41.49511,2.4,06/18/2022
278941,-79.96,32.84,9.5,06/18/2022
279198,-79.96,32.84,13.7,06/18/2022
279517,-79.956983,32.836602,9.9,06/18/2022
279698,-79.657187,32.9410230008615,14.5,06/18/2022
280013,-80.06501,32.980254000862,9.6,06/18/2022
280352,-80.198787,34.6153670008825,5.6,06/18/2022
280743,-81.853635,33.7399630008719,8.4,06/18/2022
281138,-79.76734715,34.21426338,8.3,06/18/2022
281695,-82.4145845,34.84389511,7.9,06/18/2022
282184,-81.15495,34.0510170008757,7.0,06/18/2022
282425,-81.15495,34.0510170008757,6.3,06/18/2022
282845,-80.962304,34.093959,7.6,06/18/2022
283145,-81.92479656,34.95556569,6.4,06/18/2022
283389,-81.92479656,34.95556569,7.5,06/18/2022
283717,-96.8072988595708,44.3486039691769,12.9,06/18/2022
284038,-98.494061,45.468596,13.9,06/18/2022
284350,-96.90383,42.78943,18.1,06/18/2022
284663,-97.128802,44.89965,18.8,06/18/2022
284979,-103.48386,43.55764,12.2,06/18/2022
285301,-100.287269,44.373786,15.5,06/18/2022
285630,-101.941218,43.74561,21.4,06/18/2022
286002,-96.78331,43.59901,16.4,06/18/2022
286324,-103.273777,44.087397,15.8,06/18/2022
286636,-83.942152,35.768847,6.0,06/18/2022
287083,-86.738899956,36.176382189,6.3,06/18/2022
287345,-86.738899956,36.176382189,5.6,06/18/2022
287856,-89.382157,36.05266,8.9,06/18/2022
288265,-85.293019,35.050918,7.1,06/18/2022
289275,-83.87381,36.0191860008977,7.2,06/18/2022
289593,-87.419725,35.1168780008882,5.3,06/18/2022
289912,-84.343035,35.7210950008947,5.2,06/18/2022
290231,-84.343035,35.7210950008947,4.8,06/18/2022
290409,-84.596195,35.450115,7.2,06/18/2022
290734,-88.81964,35.7053190008945,7.2,06/18/2022
291057,-87.0096,35.6518800008939,6.5,06/18/2022
291370,-87.384666,36.6114110009035,5.3,06/18/2022
291697,-85.492107,36.185702,4.6,06/18/2022
292009,-84.542802,35.939078,5.3,06/18/2022
292465,-89.850249,35.151699,9.6,06/18/2022
292845,-82.521599,36.538761,5.8,06/18/2022
293234,-86.653137,36.29756,4.8,06/18/2022
293549,-98.589158,29.162997,13.5,06/18/2022
293876,-97.431052,31.122419,11.2,06/18/2022
294197,-98.620166,29.51509,13.3,06/18/2022
294525,-98.311692,29.275381,10.4,06/18/2022
294844,-98.580511,29.423937,17.1,06/18/2022
295172,-98.391403,29.529432,11.0,06/18/2022
295494,-94.07778,33.436111,13.8,06/18/2022
295790,-96.362777,30.628333,12.6,06/18/2022
296103,-103.17781,29.30265,8.9,06/18/2022
296420,-97.49383,25.892518,7.2,06/18/2022
296715,-97.1577,26.0711,10.8,06/18/2022
296925,-96.797686,32.774262,14.1,06/18/2022
297254,-96.860117,32.820061,10.6,06/18/2022
297500,-96.75319,32.745119,16.4,06/18/2022
297743,-97.196284,33.219069,14.8,06/18/2022
298064,-102.334745,31.870259,14.2,06/18/2022
298568,-106.455227,31.765685,14.4,06/18/2022
298840,-106.402806,31.746775,14.9,06/18/2022
299169,-106.288,31.6675,12.7,06/18/2022
299495,-94.861289,29.254474,12.6,06/18/2022
299807,-95.326137,29.901036,13.3,06/18/2022
300149,-95.284096,29.828086,15.2,06/18/2022
300356,-95.499219,29.695729,13.2,06/18/2022
300659,-95.031232,29.770698,13.8,06/18/2022
300980,-95.635833,29.723333,12.2,06/18/2022
301294,-95.220582,29.767997,13.7,06/18/2022
301598,-95.257593,29.733726,13.7,06/18/2022
301789,-95.257593,29.733726,13.9,06/18/2022
302091,-95.128508,29.670025,14.4,06/18/2022
302472,-95.015544,29.583047,12.9,06/18/2022
302792,-95.38769,29.81453,14.5,06/18/2022
303552,-98.152066,26.288622,9.7,06/18/2022
303879,-93.909018,29.922894,13.4,06/18/2022
304131,-93.909018,29.922894,13.5,06/18/2022
304359,-94.317802,29.863957,13.7,06/18/2022
304569,-96.317687,32.564968,14.8,06/18/2022
305002,-97.298692,27.426981,11.8,06/18/2022
305311,-101.78698,33.58553,12.0,06/18/2022
305631,-97.070704,31.653086,14.7,06/18/2022
306272,-95.425128,30.350302,14.9,06/18/2022
306484,-96.399141,32.031934,12.2,06/18/2022
307391,-97.465703,27.811817,10.8,06/18/2022
307848,-93.866944,30.194167,14.0,06/18/2022
308162,-101.909275,35.201592,18.5,06/18/2022
308487,-97.356529,32.80581,13.2,06/18/2022
308797,-97.342332,32.759154,15.1,06/18/2022
309126,-97.337917,32.664753,13.0,06/18/2022
309432,-97.337917,32.664753,13.1,06/18/2022
309978,-97.712891,30.263204,12.2,06/18/2022
310294,-97.69166,30.35386,13.2,06/18/2022
310623,-99.533333,27.599444,9.6,06/18/2022
310947,-111.852199,41.842649,27.0,06/18/2022
311250,-111.852199,41.842649,31.9,06/18/2022
311554,-111.852199,41.842649,24.0,06/18/2022
311873,-111.852199,41.842649,27.3,06/18/2022
312129,-110.800748692387,39.6099601287655,13.2,06/18/2022
312397,-111.884467,40.902967,21.8,06/18/2022
312700,-111.884467,40.902967,23.7,06/18/2022
313021,-110.009732293952,40.2941780318187,13.4,06/18/2022
313319,-110.009732293952,40.2941780318187,10.4,06/18/2022
313636,-110.009732293952,40.2941780318187,13.1,06/18/2022
313926,-113.055525,37.74743,11.2,06/18/2022
314248,-111.894167,40.598056,21.7,06/18/2022
314544,-111.894167,40.598056,23.4,06/18/2022
314869,-111.872222,40.736389,23.9,06/18/2022
315168,-111.872222,40.736389,23.9,06/18/2022
315475,-111.872222,40.736389,22.4,06/18/2022
315736,-111.931,40.78422,24.6,06/18/2022
316035,-111.931,40.78422,20.0,06/18/2022
316307,-111.931,40.78422,29.1,06/18/2022
316632,-112.036298,40.496392,26.0,06/18/2022
316898,-112.036298,40.496392,25.9,06/18/2022
317222,-112.00876,40.709762,29.6,06/18/2022
317491,-112.00876,40.709762,29.6,06/18/2022
317765,-111.945849,40.777145,29.7,06/18/2022
318063,-111.945849,40.777145,27.2,06/18/2022
318389,-112.087717,40.807897,25.5,06/18/2022
318712,-111.9011881,40.662878,22.9,06/18/2022
319041,-111.9011881,40.662878,21.3,06/18/2022
319331,-112.353414322914,40.6005316001733,27.2,06/18/2022
319630,-112.353414322914,40.6005316001733,27.2,06/18/2022
319956,-109.561471504638,40.4647097224075,7.2,06/18/2022
320251,-109.561471504638,40.4647097224075,9.4,06/18/2022
320579,-111.713611,40.341389,16.2,06/18/2022
320925,-111.713611,40.341389,18.4,06/18/2022
321248,-111.657936,40.136378,14.7,06/18/2022
321544,-111.657936,40.136378,16.1,06/18/2022
321873,-113.305096,37.179125,11.6,06/18/2022
322193,-111.98787086473,41.3036139529338,30.5,06/18/2022
322483,-111.98787086473,41.3036139529338,29.7,06/18/2022
322932,-73.24984,42.8875900009408,1.9,06/18/2022
323318,-72.86884,44.5283900009431,1.8,06/18/2022
323691,-73.2106,44.4762000009431,2.8,06/18/2022
324045,-72.982778,43.6080560009422,2.0,06/18/2022
324454,-78.50397,38.0765700009162,5.1,06/18/2022
325179,-77.10468,38.7733500009214,4.6,06/18/2022
325493,-77.18347,38.76835,4.7,06/18/2022
325917,-78.08157,39.2810200009248,3.9,06/18/2022
326360,-77.40027,37.556520000912,5.7,06/18/2022
326854,-78.43471,38.5231,3.2,06/18/2022
327164,-79.88452,37.2834200009096,5.2,06/18/2022
327720,-76.3870167,37.103733000908,5.9,06/18/2022
328290,-77.46925,37.59088,6.0,06/18/2022
329285,-81.621161,38.346258,4.9,06/18/2022
329778,-80.7338580229214,39.9159609716958,5.7,06/18/2022
330303,-118.3819,47.12,1.8,06/18/2022
330625,-117.060445,46.425416,2.6,06/18/2022
330918,-117.060445,46.425416,2.5,06/18/2022
331128,-119.204153,46.21835,2.5,06/18/2022
331446,-120.023076,47.83861,1.9,06/18/2022
331766,-120.664702,47.598863,0.9,06/18/2022
332095,-120.34195,47.43061,2.6,06/18/2022
332423,-124.62491,48.29786,1.2,06/18/2022
332742,-124.610045,48.3660580009365,2.7,06/18/2022
333071,-123.436434,48.115,4.2,06/18/2022
333397,-122.410889,45.8639,3.1,06/18/2022
333716,-122.58737,45.64336,3.8,06/18/2022
334043,-117.985,46.318,1.8,06/18/2022
334370,-122.961944,46.139444,3.1,06/18/2022
334688,-119.0021,46.5754,1.9,06/18/2022
335017,-117.614764,46.4744380009419,0.8,06/18/2022
335342,-119.2737,47.1303,2.3,06/18/2022
335671,-119.847824,47.2411530009402,1.5,06/18/2022
336146,-123.83173,46.97228,3.2,06/18/2022
336475,-122.77897,48.12919,3.7,06/18/2022
336651,-122.064722,47.5525,1.2,06/18/2022
336916,-121.77278,47.49022,2.6,06/18/2022
337351,-122.2806,47.755,3.9,06/18/2022
337680,-122.319722,47.597222,3.9,06/18/2022
337998,-122.148397,47.6008630009392,2.4,06/18/2022
338327,-122.2233,47.2814,3.9,06/18/2022
338674,-122.338265,47.55975,5.6,06/18/2022
339001,-122.338265,47.55975,5.0,06/18/2022
339327,-122.278385,47.4985350009395,3.9,06/18/2022
339650,-122.278385,47.4985350009395,3.1,06/18/2022
340004,-122.308628,47.568236,2.9,06/18/2022
340315,-122.3208,47.53091,5.5,06/18/2022
340643,-122.230278,47.386111,4.3,06/18/2022
340970,-122.230278,47.386111,3.1,06/18/2022
341287,-122.627397,47.592675,3.2,06/18/2022
341614,-120.545,46.99364,1.7,06/18/2022
341929,-120.545,46.99364,1.8,06/18/2022
342258,-122.96732,46.66409,2.9,06/18/2022
342587,-123.10081,47.21355,2.7,06/18/2022
342911,-120.19057,48.47724,3.0,06/18/2022
343240,-119.51896,48.39999,5.9,06/18/2022
343549,-120.105116,48.354124,2.8,06/18/2022
343865,-117.053102,48.181952,3.0,06/18/2022
344147,-122.46256,47.22634,3.2,06/18/2022
344475,-122.46256,47.22634,3.5,06/18/2022
344684,-122.4517,47.1864,3.8,06/18/2022
345008,-122.4517,47.1864,2.7,06/18/2022
345848,-122.61428,48.52059,4.2,06/18/2022
346177,-122.3376,48.4102,4.6,06/18/2022
346502,-121.6031,48.2469,3.1,06/18/2022
346829,-121.6031,48.2469,4.1,06/18/2022
347149,-122.285194,48.065339,0.9,06/18/2022
347476,-122.171529,48.054315,8.0,06/18/2022
347801,-122.171529,48.054315,5.0,06/18/2022
348115,-117.257654,47.663962,2.5,06/18/2022
348439,-117.364852,47.672482,2.4,06/18/2022
348768,-117.42635,47.69978,2.7,06/18/2022
349082,-117.98865,47.88528,1.7,06/18/2022
349410,-117.903425,48.544448,3.1,06/18/2022
349739,-117.903425,48.544448,2.2,06/18/2022
350058,-122.821548,47.029396,2.3,06/18/2022
350367,-118.35147,46.05881,2.0,06/18/2022
350671,-122.456463,48.7600360009349,2.0,06/18/2022
351000,-117.18014,46.72447,2.2,06/18/2022
351320,-117.8739,46.8153,2.5,06/18/2022
351649,-117.36856,47.23136,2.6,06/18/2022
351978,-119.999677425,46.319320471,3.3,06/18/2022
352331,-120.499167,46.598056,1.7,06/18/2022
352653,-120.33266,46.38024,2.8,06/18/2022
352976,-90.65615,46.60234,3.6,06/18/2022
353303,-87.99344,44.50729,4.8,06/18/2022
353659,-89.35768,43.10101,4.0,06/18/2022
353988,-89.4358,43.0733,5.4,06/18/2022
354376,-88.62111,43.46611,3.5,06/18/2022
354702,-91.41445,44.76249,4.1,06/18/2022
355024,-88.80859,45.56498,3.5,06/18/2022
355350,-90.69813,42.69302,4.0,06/18/2022
355677,-90.792025,44.334686000943,4.6,06/18/2022
355850,-87.8093,42.50472,3.1,06/18/2022
356179,-91.2269,43.7775,3.7,06/18/2022
356564,-87.93369,43.01724,4.4,06/18/2022
356893,-87.93434,42.93257,4.2,06/18/2022
357219,-90.40164,44.0208550009427,4.0,06/18/2022
357400,-88.39509,44.30738,4.7,06/18/2022
357729,-88.39509,44.30738,4.7,06/18/2022
358002,-87.8102,43.4983,3.5,06/18/2022
358331,-89.67979,43.4351,3.7,06/18/2022
358656,-90.5972,45.2066,4.0,06/18/2022
358979,-89.654,46.0519000009426,3.7,06/18/2022
359334,-88.2150699551098,43.0200753785299,4.5,06/18/2022
359663,-105.61489,41.32417,10.3,06/18/2022
359968,-105.54913,41.308825,4.6,06/18/2022
360310,-105.51702183267,44.2880049189629,11.1,06/18/2022
360624,-108.3637,43.0242100009411,7.3,06/18/2022
360941,-108.720003,42.5299990009399,3.5,06/18/2022
361261,-107.549444,43.0816670009412,4.6,06/18/2022
361437,-108.736281332747,42.8421683785244,6.0,06/18/2022
361799,-104.778334205813,41.1822271062504,9.7,06/18/2022
362139,-110.53788,41.783083,8.7,06/18/2022
362461,-106.36501,42.82231,6.5,06/18/2022
362775,-109.069259753515,44.5245684728303,6.8,06/18/2022
363062,-106.955933,44.8151420009432,10.9,06/18/2022
363366,-109.87076,42.8698240009408,7.0,06/18/2022
363695,-109.220852333074,41.5925362836364,8.5,06/18/2022
364019,-110.79799,43.457760000942,5.7,06/18/2022
364313,-110.830833,44.373056,6.5,06/18/2022
