,precipitation,temperature,air pressure,relative humidity,U-wind,V-wind,PM 2.5,longitude,latitude
0,0.276129096746445,279.753112792969,98692.0703125,75.652099609375,4.47797584533691,1.6246702671051,5.0208335,-68.3645538311332,47.1008497246296
1,0.190191596746445,279.539245605469,98529.5703125,73.839599609375,4.41059303283691,1.4391233921051,3.8375,-68.2053588809294,46.7031648674458
2,0.0026915855705738,278.927917480469,99892.0703125,70.8083572387695,1.8061009645462,2.1705687046051,2.0416665,-68.7119914019189,44.8952140974614
3,0.0026915855705738,279.027526855469,100654.5703125,68.9177322387695,0.686960339546204,3.1158812046051,3.66944433333333,-68.5567707264212,44.4989613516233
4,0.0886290818452835,277.658386230469,98867.0703125,68.5192947387695,1.6771947145462,2.6725218296051,1.0208335,-70.3736861418416,44.5486309166342
5,0.0183165855705738,278.165222167969,100104.5703125,67.8005447387695,2.08832740783691,2.4781858921051,1.9083335,-70.2072804424441,44.1551174736904
6,0.0105040855705738,279.464050292969,100579.5703125,71.1677322387695,1.3725072145462,3.3912718296051,9.9291665,-70.3970885955436,43.8987637537124
7,0.0026915855705738,281.924987792969,100892.0703125,71.0036697387695,-5.86382102966309,0.198889017105103,3.5208335,-122.396202124157,48.9344811304938
8,0.901129126548767,279.466979980469,98604.5703125,74.816162109375,3.26703858375549,2.0992796421051,5.9391305,-73.1027042459587,44.5638575361264
9,1.73706662654877,278.894714355469,97029.5703125,76.917724609375,2.70160865783691,2.6080687046051,5.73194433333333,-72.7377846632538,44.4358730858179
10,0.0495665855705738,278.285339355469,98179.5703125,69.0036697387695,2.03071022033691,3.3961546421051,7.0416665,-71.4794223998806,43.6533663962248
11,0.0026915855705738,283.200378417969,102004.5703125,82.831787109375,-6.04350852966309,0.165685892105103,4.6125,-122.645558608874,48.3031907625003
12,2.44019150733948,278.285339355469,97042.0703125,71.394287109375,2.39594459533691,3.3229124546051,7.2041665,-72.3739807205446,43.6567972595145
13,0.0417540855705738,279.591003417969,100654.5703125,69.3396072387695,1.0277806520462,4.70181846618652,5.91875,-70.9558538945154,43.1282945747668
14,0.0026915855705738,283.340026855469,100779.5703125,76.566162109375,-6.44975852966309,-0.551110982894897,4.2041665,-122.12920560764,48.077147735517
15,0.0026915855705738,281.388854980469,95742.0703125,74.823974609375,-6.63237571716309,-1.2015016078949,2.9291665,-121.702166984611,48.1349538455629
16,0.0026915855705738,273.507995605469,91567.0703125,38.9880447387695,-7.22905540466309,-2.2776734828949,1.7458335,-119.552875962068,48.3993545483356
17,7.52612924575806,283.785339355469,95142.0703125,78.370849609375,0.100046277046204,-1.2190797328949,2.4291665,-91.452978320342,48.0188770160435
18,3.45581674575806,275.698425292969,98479.5703125,93.339599609375,0.726022839546204,-1.1116578578949,4.3166665,-90.1810191959968,47.8309537988225
19,1.77612912654877,278.238464355469,97079.5703125,69.9880447387695,2.15961647033691,4.00162315368652,8.6479165,-72.9093195482373,43.5252430729454
20,0.0261290855705738,278.771667480469,100029.5703125,65.7771072387695,1.4154759645462,4.57681846618652,6.50555566666667,-71.489377921453,43.0042588595701
21,0.0105040855705738,279.963073730469,101292.0703125,69.2771072387695,1.0131322145462,5.13638877868652,9.0,-71.1386311694276,42.87103464828
22,0.0026915855705738,283.412292480469,100567.0703125,71.316162109375,-6.81206321716309,-1.2015016078949,3.9949073888888904,-122.042225129165,47.7912871218841
23,0.0026915855705738,277.341003417969,87479.5703125,56.4880447387695,-8.29057884216309,-2.8636109828949,10.0130435,-115.582627828599,48.4803235262823
24,1.04175412654877,284.595886230469,92992.0703125,45.2771072387695,-5.63725852966309,0.773107767105103,6.7104165,-102.370683298345,48.7125845839837
25,0.299566596746445,277.781433105469,97104.5703125,67.1364822387695,2.08735084533691,4.32584190368652,8.5208335,-72.3733639682495,43.0076453603132
26,0.0730040818452835,277.581237792969,97117.0703125,66.0974197387695,2.10785865783691,4.31705284118652,8.9291665,-72.0204697446415,42.8774713029335
27,0.0105040855705738,278.841003417969,100917.0703125,65.3317947387695,1.0238744020462,5.13345909118652,12.2041665,-71.3197063083509,42.6135723157209
28,0.0183165855705738,279.609558105469,101267.0703125,69.4021072387695,1.3227025270462,5.06998252868652,12.5208335,-70.9718437657953,42.4798677811269
29,0.0026915855705738,281.917175292969,99792.0703125,73.988037109375,-6.66264915466309,-0.238610982894897,1.725,-122.798127759441,47.38629576351
30,0.0495665855705738,278.063659667969,86929.5703125,58.2458572387695,-5.77397727966309,1.5055296421051,4.8270835,-114.229482681115,48.2824885510912
31,0.682379066944122,288.682800292969,96029.5703125,70.3083572387695,-2.75737547874451,-1.0423219203949,5.9291665,-95.0278254513208,47.8721257103927
32,9.7292537689209,286.213073730469,95192.0703125,81.784912109375,-1.1333521604538,-1.3997437953949,6.2458335,-92.4743576894077,47.56362475769
33,0.698004066944122,278.868347167969,97167.0703125,71.3396072387695,2.74457740783691,4.18814659118652,10.5416665,-73.257335604243,43.0033639939569
34,0.104254081845284,278.057800292969,97617.0703125,68.1364822387695,1.5785619020462,5.02603721618652,9.861111,-72.5490927724099,42.7479535582946
35,0.0026915855705738,278.788269042969,101067.0703125,64.7146072387695,1.0678197145462,5.26431846618652,11.6912036111111,-71.1524176215825,42.2228996894576
36,0.0026915855705738,279.598815917969,101367.0703125,68.6833572387695,0.891061902046204,5.26724815368652,9.604348,-70.8073965776307,42.0887299238458
37,0.0026915855705738,282.390808105469,99804.5703125,78.027099609375,-6.99468040466309,-0.776696920394897,2.9894097916666675,-122.290373622284,47.161080291922
38,0.0026915855705738,280.203308105469,92929.5703125,61.4333572387695,-8.17143821716309,-3.0325562953949,6.8375,-117.202865481723,47.755093860018
39,0.0026915855705738,281.917175292969,92779.5703125,41.6286697387695,-6.65581321716309,1.3922483921051,7.1295455,-107.659250330271,48.2217522850369
40,0.487066596746445,283.696472167969,93754.5703125,41.1599197387695,-5.98198509216309,0.932287454605103,12.0125,-103.731067288613,48.175921824377
41,0.166754081845284,288.447448730469,96004.5703125,70.0271072387695,-2.81694579124451,-1.3899781703949,4.0208335,-94.6712119950708,47.5370362861667
42,2.07300424575806,282.074401855469,99042.0703125,85.152099609375,4.62055397033691,-2.9309937953949,5.4291665,-85.9607316867609,46.180154919363
43,0.401129096746445,278.853698730469,99429.5703125,72.331787109375,2.75336647033691,4.18228721618652,11.5,-73.7841530242482,42.8674018857619
44,0.198004081845284,277.017761230469,96529.5703125,67.0583572387695,1.7748509645462,5.16959190368652,12.5208335,-73.0752117389181,42.615727609048
45,0.0105040855705738,277.729675292969,98342.0703125,65.7067947387695,1.4203587770462,5.33365440368652,8.1125,-72.3727616248704,42.3592598711696
46,0.0105040855705738,278.563659667969,100379.5703125,63.7536697387695,1.2348119020462,5.33756065368652,14.0416665,-71.6768361513006,42.0980783195892
47,0.0026915855705738,279.440612792969,101092.0703125,67.8396072387695,1.0414525270462,5.32779502868652,10.4,-71.3313292049783,41.9657448875906
48,0.0026915855705738,273.713073730469,89692.0703125,47.9802322387695,-7.55522727966309,-1.9759156703949,2.0416665,-120.530770443237,47.0982034193812
49,0.0026915855705738,278.348815917969,89354.5703125,55.9021072387695,-8.07671165466309,-2.9290406703949,4.8,-116.290624367866,47.5416474471315
50,0.112066581845284,282.817565917969,92167.0703125,42.7614822387695,-6.18511009216309,0.981115579605103,5.8083335,-104.617104693984,47.9063804370841
51,1.11987900733948,285.541198730469,93692.0703125,48.6911697387695,-5.44780540466309,0.0152952671051025,7.2208335,-101.586628082726,47.7999633065995
52,16.8386287689209,286.792175292969,96229.5703125,81.620849609375,-1.7925318479538,-1.8899781703949,4.6,-92.2209622174815,46.9346752496444
53,0.104254081845284,278.690612792969,99192.0703125,70.8005447387695,2.85297584533691,4.45084190368652,10.1194443333333,-73.952774090267,42.6053940571934
54,0.104254081845284,277.017761230469,97104.5703125,67.0583572387695,2.45453834533691,4.81217002868652,15.338889,-73.2464084530954,42.3550337456054
55,0.0495665855705738,278.307800292969,99167.0703125,65.7849197387695,1.6928197145462,5.29752159118652,12.20625,-72.5464500542243,42.0998978824351
56,0.0105040855705738,280.300964355469,101154.5703125,68.9411697387695,1.0150853395462,5.21353721618652,9.483635166666666,-71.5085993444567,41.7084127190136
57,0.0105040855705738,279.786315917969,101454.5703125,67.2849197387695,0.925241589546204,4.88834190368652,9.8166665,-71.1658865158983,41.5756157042064
58,0.0026915855705738,278.716003417969,90492.0703125,55.6364822387695,-7.86870384216309,-2.9368531703949,5.6,-116.662353137107,47.2154350314928
59,3.34644174575806,283.965026855469,92292.0703125,44.2458572387695,-5.90386009216309,0.521154642105103,7.7333335,-103.33801146135,47.5794983221481
60,11.8464412689209,288.065612792969,96429.5703125,80.503662109375,-2.28081321716309,-2.1106812953949,8.0,-92.7197327668752,46.7048654709393
61,21.5808162689209,286.582214355469,96454.5703125,83.323974609375,-1.2856959104538,-2.3235719203949,6.961111,-92.3040715008329,46.6487432869639
62,1.24487912654877,287.697448730469,96629.5703125,82.011474609375,0.357858777046204,-2.9153687953949,6.4125,-90.6508244268898,46.408464663555
63,2.14331650733948,277.180847167969,96517.0703125,73.6521072387695,3.50629639625549,4.08463096618652,12.4695653333333,-75.9066979081473,42.9445500693536
64,0.541754066944122,278.213073730469,99742.0703125,64.5192947387695,1.2348119020462,5.38443565368652,11.677083416666651,-72.7185280037012,41.8403773617541
65,0.0105040855705738,279.953308105469,101254.5703125,68.1052322387695,1.0062962770462,4.75650596618652,10.4391305,-71.6842485618278,41.4509124464126
66,0.0026915855705738,273.998229980469,94692.0703125,35.9880447387695,-7.73979759216309,-2.2444703578949,3.80833333333333,-120.378796995711,46.5244587101443
67,0.0026915855705738,278.010925292969,85579.5703125,56.7614822387695,-6.72807884216309,1.0856077671051,6.325,-114.064543988718,47.1208563665875
68,2.01831650733948,284.757019042969,92542.0703125,47.3552322387695,-5.40874290466309,-0.162439107894897,6.4083335,-102.503177229455,47.2564257052235
69,2.10425400733948,285.880065917969,93142.0703125,49.6442947387695,-4.68803977966309,-0.810876607894897,7.48958333333333,-101.648540488064,47.2180487654326
70,3.45581674575806,287.226745605469,93192.0703125,56.3161697387695,-4.56303977966309,-1.2210328578949,7.2458335,-101.221732483058,47.1963685472464
71,0.862066566944122,290.349792480469,97304.5703125,73.519287109375,-3.83940672874451,-1.9729859828949,7.457143,-96.9788022586275,46.8888021946316
72,1.06519150733948,289.524597167969,95642.0703125,74.269287109375,-3.52593016624451,-1.8548219203949,6.1125,-95.7172307930222,46.7646399108073
73,0.698004126548767,286.410339355469,95529.5703125,81.925537109375,0.904733777046204,-3.1839234828949,6.425,-89.5185902445382,45.9284169711675
74,0.393316596746445,279.260925292969,99929.5703125,74.753662109375,4.22797584533691,3.3873655796051,13.77847216666665,-77.5169122870298,43.1351330682599
75,1.49487900733948,278.984558105469,99429.5703125,65.5739822387695,1.2660619020462,5.30338096618652,11.9041666666667,-73.2357336025921,41.707540766408
76,1.05737900733948,278.985534667969,100442.0703125,66.1599197387695,1.4164525270462,5.38052940368652,11.9125,-72.8890159724753,41.5807074464067
77,0.0026915855705738,279.924987792969,101279.5703125,67.8083572387695,1.2338353395462,5.24478721618652,9.5395835,-72.2002938969413,41.3235539369664
78,0.0026915855705738,273.871276855469,94992.0703125,34.4567947387695,-7.76421165466309,-2.1809937953949,2.1333335,-120.304069854787,46.237608720486
79,0.0026915855705738,277.819519042969,85079.5703125,55.5505447387695,-6.88042259216309,0.976232767105103,3.6173915,-114.024475153662,46.8305352068749
80,0.0026915855705738,278.392761230469,83992.0703125,51.0271072387695,-6.64311790466309,0.990881204605103,2.1,-111.904499837466,46.9466902675905
81,0.0026915855705738,280.186706542969,85979.5703125,49.9489822387695,-6.70464134216309,0.101232767105103,5.440909,-109.350375723667,47.0315277579215
82,4.0339412689209,283.563659667969,91429.5703125,43.2146072387695,-5.70952415466309,-0.179040670394897,6.3229165,-103.379732123427,46.9968415362237
83,6.3151912689209,288.258972167969,93717.0703125,60.6442947387695,-4.43120384216309,-0.832360982894897,9.72847233333333,-100.830540732794,46.8824028402912
84,2.36206674575806,288.749206542969,96367.0703125,74.355224609375,-2.96440672874451,-2.1097047328949,6.4083335,-94.1177145525617,46.2893487444449
85,0.0105040855705738,286.273620605469,95642.0703125,82.245849609375,0.937936902046204,-3.4065797328949,9.128261,-88.8086814925994,45.5077568202689
86,0.393316596746445,280.131042480469,100279.5703125,74.167724609375,5.13617897033691,2.4527952671051,13.3,-78.7681300055665,43.1939001037277
87,0.283941596746445,278.367370605469,100042.0703125,62.8786697387695,1.8012181520462,5.32388877868652,17.769231,-73.4034289376148,41.4470719775076
88,0.174566596746445,279.676940917969,100904.5703125,67.1130447387695,1.4652806520462,5.30240440368652,10.8727084,-73.0579341487437,41.3208971941892
89,0.0026915855705738,281.854675292969,99367.0703125,67.4802322387695,-7.41362571716309,-0.270837545394897,3.4,-123.087318916098,45.5536329125512
90,0.0026915855705738,281.854675292969,100179.5703125,67.4802322387695,-7.44780540466309,-1.0774781703949,4.3125,-122.681861054283,45.6150225169949
91,0.0026915855705738,277.888854980469,83292.0703125,51.5349197387695,-6.72710227966309,0.375646829605103,2.8125,-111.876755426208,46.6557374690774
92,2.16675424575806,281.933776855469,97179.5703125,72.0114822387695,4.79145240783691,-2.4602906703949,10.64375,-84.9639889422933,44.4536035902099
93,0.190191581845284,279.213073730469,97579.5703125,70.7692947387695,5.04828834533691,2.9020140171051,16.65,-78.5470914220684,42.8170075973614
94,0.0183165855705738,277.411315917969,96654.5703125,70.5036697387695,3.29340577125549,4.83658409118652,11.9083335,-75.6671038561285,41.9147659181752
95,0.0339415855705738,278.549011230469,100067.0703125,64.1052322387695,1.3549290895462,5.16275596618652,11.6,-73.9153808609095,41.3108280078518
96,0.0026915855705738,282.335144042969,100367.0703125,68.6521072387695,-7.51909446716309,-1.4114625453949,3.8,-122.595947943632,45.3301587881306
97,0.0026915855705738,277.593933105469,82079.5703125,61.6286697387695,-7.18120384216309,0.381506204605103,0.840476,-114.363749293525,46.2222120178853
98,9.2761287689209,289.251159667969,96417.0703125,76.003662109375,-2.52690696716309,-2.9983766078949,5.725,-94.2602432085215,45.7151356061384
99,0.0495665855705738,288.183776855469,96254.5703125,82.722412109375,-0.0864771604537964,-3.4446656703949,5.8375,-90.6060194330336,45.2077773998665
100,0.0026915855705738,277.950378417969,96279.5703125,70.4411697387695,3.48871827125549,4.81412315368652,11.3083335,-77.2467944280003,42.1089821184375
101,0.0026915855705738,278.328308105469,97354.5703125,70.2692947387695,3.06684303283691,4.96353721618652,12.7173915,-76.5324953388882,41.8820795342878
102,0.0026915855705738,280.947448730469,101617.0703125,67.3786697387695,1.1801244020462,3.9733030796051,9.5,-73.391140351447,40.8008915161247
103,0.0026915855705738,276.762878417969,80604.5703125,55.5896072387695,-6.82085227966309,0.170568704605103,0.615909,-112.657178057289,46.0332299723675
104,0.0026915855705738,284.308776855469,98242.0703125,81.448974609375,3.32270240783691,-2.7942750453949,12.4083335,-87.9198946848777,44.4463219538867
105,0.0026915855705738,283.498229980469,99229.5703125,80.003662109375,4.19379615783691,-2.4768922328949,8.0,-86.3573437752963,44.141082961192
106,0.0339415855705738,282.349792480469,99479.5703125,66.7614822387695,5.50824928283691,-0.557946920394897,10.4,-84.0480850214806,43.640085403626
107,0.0026915855705738,279.415222167969,97054.5703125,71.1911697387695,4.62836647033691,3.89810752868652,15.0,-79.2003468769553,42.384151022994
108,0.0026915855705738,277.413269042969,95392.0703125,66.8552322387695,3.71723389625549,4.70474815368652,11.907143,-77.0402861262144,41.7296948853479
109,0.0026915855705738,278.477722167969,96879.5703125,68.7849197387695,2.18110084533691,5.15201377868652,10.3083335,-75.6287936123212,41.2684735107746
110,0.0026915855705738,278.568542480469,99067.0703125,65.0271072387695,1.6937962770462,5.03775596618652,11.3,-74.5854825963962,40.9098862066291
111,0.0026915855705738,280.696472167969,100967.0703125,63.3396072387695,1.7162572145462,5.02994346618652,12.538541666666676,-74.2406599110134,40.7879924884586
112,0.0026915855705738,280.696472167969,101654.5703125,63.3396072387695,1.4994603395462,4.67935752868652,12.855160500000002,-73.8973198485606,40.6649319147812
113,0.0026915855705738,280.763854980469,88842.0703125,40.6442947387695,-6.84526634216309,-0.744470357894897,6.331818,-108.464081744485,45.8807925173795
114,4.60425424575806,290.889831542969,96117.0703125,73.034912109375,-3.10991454124451,-1.0266969203949,6.7,-98.4881534602655,45.5508128716525
115,8.0964412689209,289.468933105469,97679.5703125,77.175537109375,-2.52397727966309,-2.8890016078949,5.1369565,-93.5902437607705,45.0403760003907
116,7.15894174575806,289.328308105469,97704.5703125,75.394287109375,-2.12944602966309,-3.0032594203949,5.999907372222221,-93.1867000033834,44.9877014782532
117,1.57300412654877,288.564636230469,97917.0703125,81.245849609375,-0.490774035453796,-3.1624391078949,8.01875,-91.1815712730405,44.701357226011
118,0.0026915855705738,285.983581542969,98167.0703125,84.402099609375,3.09613990783691,-2.2864625453949,10.42708325,-88.4132517015014,44.2371594847311
119,0.0261290855705738,281.395690917969,99167.0703125,64.3630447387695,5.84321022033691,1.1559202671051,13.2,-82.660035132487,43.0031115565167
120,0.0026915855705738,278.713073730469,99604.5703125,63.1911697387695,1.6244603395462,4.77310752868652,9.54375,-75.0896845776525,40.7677643150902
121,0.0026915855705738,280.450378417969,100904.5703125,65.4255447387695,1.4457494020462,4.29068565368652,12.0125,-74.7446459110532,40.6476791232667
122,0.0026915855705738,281.096862792969,101329.5703125,65.9489822387695,1.6166478395462,4.40592002868652,11.19305558333335,-74.4010658693877,40.5264223995797
123,0.143316596746445,281.426940917969,88829.5703125,41.7380447387695,-6.16655540466309,-1.7981812953949,10.0375,-105.552053724535,45.589666543557
124,11.0417537689209,289.700378417969,97679.5703125,76.628662109375,-1.8169459104538,-2.8089234828949,7.7458335,-93.6630588454799,44.7540137915871
125,8.9558162689209,289.647644042969,97692.0703125,75.261474609375,-1.3550318479538,-2.8919312953949,6.049094083333335,-93.2616081209978,44.7016416054366
126,0.0105040855705738,282.314636230469,98479.5703125,67.0427322387695,5.77485084533691,1.4986937046051,12.1833333333333,-83.5340885288925,42.9099747194449
127,0.213629081845284,281.958190917969,99567.0703125,65.2536697387695,5.92621803283691,1.5768187046051,10.4,-82.7857915538663,42.7281902386922
128,0.0026915855705738,279.836120605469,99679.5703125,63.1755447387695,1.7514134645462,4.54752159118652,13.2229165,-75.5913503346446,40.6231210009611
129,0.0026915855705738,279.936706542969,100417.0703125,60.9724197387695,1.5873509645462,3.9274046421051,13.3444443333333,-75.2461331748155,40.5048410692216
130,0.0026915855705738,280.905456542969,101617.0703125,65.4333572387695,1.4857884645462,3.0729124546051,9.6,-74.560007975269,40.2647622982418
131,0.0026915855705738,281.366394042969,101604.5703125,66.0974197387695,1.4916478395462,3.7438108921051,9.6,-74.2191106722048,40.1429816666503
132,0.0026915855705738,283.270690917969,98192.0703125,74.167724609375,-6.97514915466309,-0.926110982894897,2.9000000000000004,-123.050952695722,44.0702394634231
133,0.0026915855705738,273.761901855469,87967.0703125,41.0817947387695,-6.97710227966309,-2.8284547328949,3.3,-120.671994248693,44.414618362256
134,0.0026915855705738,277.658386230469,80329.5703125,56.4567947387695,-7.61479759216309,-0.828454732894897,2.8,-113.793267663534,45.0898940774445
135,0.0183165855705738,281.158386230469,87879.5703125,42.9802322387695,-6.42534446716309,-1.4974000453949,4.769231,-106.385090156081,45.3065228846026
136,6.82300424575806,290.629089355469,93992.0703125,78.417724609375,-2.34721946716309,-1.5686891078949,9.525,-96.9559218004884,44.8289606992152
137,0.0026915855705738,285.168151855469,99254.5703125,84.691162109375,4.21332740783691,-0.618493795394897,8.2166665,-87.8358330752026,43.5293032216837
138,0.0026915855705738,283.934753417969,98417.0703125,74.417724609375,5.20746803283691,0.207678079605103,7.8,-85.5385617248962,43.0620132193631
139,0.0026915855705738,283.121276855469,98467.0703125,70.3005447387695,5.48676490783691,1.0035765171051,7.7,-84.4050673576581,42.8093730145235
140,0.119879081845284,282.425964355469,99592.0703125,63.5505447387695,5.80121803283691,2.2770140171051,16.33628475,-82.9103002072579,42.4532579443046
141,0.0026915855705738,280.045104980469,99217.0703125,62.9099197387695,1.9447728395462,4.64713096618652,12.6,-76.0904541610862,40.4759792620928
142,0.0026915855705738,280.735534667969,100767.0703125,64.0505447387695,1.7592259645462,4.06900596618652,11.9354165,-75.4011471865074,40.2418425663887
143,0.0026915855705738,280.522644042969,101317.0703125,62.1599197387695,1.6186009645462,3.2535765171051,12.600463,-75.05861509398,40.1230128004912
144,0.0026915855705738,283.750183105469,96254.5703125,79.378662109375,-6.85991477966309,-0.670251607894897,2.1,-122.965550071074,43.7862733243178
145,0.0026915855705738,282.513854980469,93054.5703125,76.113037109375,-6.99077415466309,-1.0950562953949,3.7,-122.573179287678,43.8470782519531
146,4.4948787689209,290.401550292969,96217.0703125,75.972412109375,-1.8218287229538,-1.5911500453949,8.1369565,-95.803895924464,44.4174849110543
147,13.0886287689209,289.375183105469,96679.5703125,77.073974609375,0.353952527046204,-2.1722047328949,5.79166666666667,-92.6167285345253,44.0216218536802
148,2.95581674575806,288.227722167969,97092.0703125,83.058349609375,1.4613744020462,-1.8099000453949,6.5354165,-91.0420252304726,43.7874626129417
149,0.385504096746445,287.068542480469,98229.5703125,82.980224609375,3.56391358375549,-0.578454732894897,8.10555566666667,-88.7070200282319,43.3918872327746
150,0.0105040855705738,284.762878417969,99492.0703125,78.316162109375,4.95551490783691,0.510412454605103,7.0,-86.0283614170662,42.864684082297
151,0.0026915855705738,283.157409667969,99592.0703125,67.0271072387695,5.67426490783691,2.4879515171051,9.85,-83.4038167520094,42.2688922929318
152,0.0495665855705738,281.214050292969,98692.0703125,69.9646072387695,4.81196022033691,3.77799034118652,10.5,-81.2008100796833,41.705503887429
153,0.0026915855705738,278.414245605469,96404.5703125,65.7927322387695,3.01703858375549,4.83951377868652,15.54375,-77.9825548886447,40.7730655900657
154,0.0026915855705738,280.702331542969,99704.5703125,68.6989822387695,2.25238990783691,4.68912315368652,11.898611,-76.9338149692077,40.4398495878866
155,0.0026915855705738,280.303894042969,99717.0703125,63.9802322387695,1.7133275270462,3.4303343296051,12.7643308333333,-76.2415077963344,40.2116819969475
156,0.0026915855705738,281.124206542969,101654.5703125,63.1364822387695,1.5853978395462,1.3756468296051,13.251904714285715,-75.2134578302215,39.8605705717724
157,0.0026915855705738,281.505065917969,101692.0703125,64.7224197387695,1.5707494020462,0.164709329605103,7.25942033333333,-74.5351001711663,39.6206931667831
158,1.08862912654877,277.157409667969,78004.5703125,53.3317947387695,-7.18511009216309,-0.782556295394897,3.7041665,-111.284351479898,44.6386233879402
159,0.432379096746445,281.174011230469,83479.5703125,45.3396072387695,-6.20952415466309,-1.3694703578949,5.45,-106.799892002907,44.7260246941448
160,0.143316581845284,289.604675292969,94354.5703125,66.0583572387695,-2.61284422874451,-0.420251607894897,6.721739,-100.288289312837,44.5108438910067
161,0.244879096746445,290.713073730469,95142.0703125,79.464599609375,-1.4497584104538,-1.3323609828949,7.3145835,-96.6635837096892,44.2131413999548
162,2.19019174575806,287.649597167969,98204.5703125,83.073974609375,2.65863990783691,-0.872400045394897,6.2166665,-89.5737119933179,43.2471431600603
163,2.51831674575806,287.135925292969,98217.0703125,82.605224609375,3.56098389625549,-0.584314107894897,6.6479165,-89.1878392938016,43.1793995333661
164,0.276129096746445,286.013854980469,99192.0703125,84.323974609375,4.37153053283691,0.103185892105103,9.4320833,-88.0360723856577,42.967523533894
165,0.0026915855705738,283.460144042969,98929.5703125,67.3708572387695,5.64692115783691,2.7057249546051,7.60625,-83.8940477827964,42.082193665894
166,0.0183165855705738,280.643737792969,97467.0703125,66.1677322387695,5.00336647033691,3.58853721618652,11.634722166666648,-81.3307575569113,41.4331559465573
167,0.127691581845284,280.017761230469,97454.5703125,64.5583572387695,4.71235084533691,3.88834190368652,13.119907444444435,-80.6094859320838,41.2359310509515
168,0.0261290855705738,279.751159667969,97479.5703125,66.6599197387695,3.94086670875549,4.36099815368652,14.2333335,-79.5371396674187,40.9305103705852
169,0.0026915855705738,278.277526855469,95917.0703125,63.3161697387695,2.99946045875549,4.61490440368652,12.3416665,-78.4764903172735,40.6137860491962
170,0.0026915855705738,280.371276855469,99729.5703125,65.1130447387695,1.9340306520462,3.6295530796051,15.1363636666667,-77.0808790602187,40.1742936963377
171,0.0026915855705738,280.466003417969,99717.0703125,66.1130447387695,1.8148900270462,2.7477171421051,10.31,-76.7353462026933,40.0614071340579
172,0.0026915855705738,280.176940917969,99717.0703125,63.3708572387695,1.8549290895462,3.5406858921051,11.7847223333333,-76.3911752319169,39.9473324360471
173,0.0026915855705738,280.718933105469,101154.5703125,60.5974197387695,1.7797337770462,0.571935892105103,11.46416666666666,-75.7069444816478,39.7156535164999
174,0.0026915855705738,281.136901855469,101567.0703125,62.4646072387695,1.7025853395462,1.5465452671051,12.6,-75.3668967674263,39.5980668465003
175,0.0026915855705738,281.136901855469,101742.0703125,62.4646072387695,1.7738744020462,-0.691735982894897,13.725,-75.0282350758328,39.4793271404395
176,0.0026915855705738,283.058776855469,101879.5703125,70.738037109375,1.7641087770462,-1.9934937953949,11.0,-74.690964751409,39.3594432761542
177,0.174566596746445,275.883972167969,76217.0703125,53.3708572387695,-7.20854759216309,-0.781579732894897,3.9208335,-110.856456832423,44.3640280591683
178,0.573004126548767,277.347839355469,83167.0703125,33.0192947387695,-6.53276634216309,-1.0052125453949,5.2458335,-108.830062416276,44.4192926742208
179,0.0964415892958641,284.490417480469,98479.5703125,72.363037109375,5.50434303283691,1.8775999546051,6.0,-85.4957231321774,42.1457481548973
180,0.0026915855705738,283.897644042969,99617.0703125,66.7771072387695,5.64301490783691,2.9166624546051,9.700000000000001,-83.643509800873,41.7180521026949
181,0.0026915855705738,282.416198730469,98704.5703125,66.1833572387695,4.83637428283691,3.78189659118652,9.5,-82.1826516518845,41.3517994383581
182,0.0026915855705738,281.042175292969,98004.5703125,65.1989822387695,5.01313209533691,3.63638877868652,14.121875,-81.8204408090756,41.2569519885421
183,0.0183165855705738,281.042175292969,97467.0703125,65.1989822387695,4.49555397033691,4.04459190368652,12.511111166666652,-81.4594535835573,41.1608062127413
184,0.0730040818452835,280.387878417969,97467.0703125,63.7927322387695,4.09906959533691,4.25357627868652,12.5,-81.0997005174646,41.0633699311899
185,0.0495665855705738,280.270690917969,98079.5703125,63.2380447387695,3.70942139625549,4.39615440368652,15.1166666666667,-80.3839375311946,40.8646574768155
186,0.0183165855705738,279.886901855469,97679.5703125,65.7380447387695,3.21528077125549,4.46549034118652,16.4,-79.6732301976533,40.660878542149
187,0.0026915855705738,279.392761230469,95704.5703125,65.3161697387695,2.38813209533691,4.18424034118652,11.5875,-78.9676521104177,40.4520980672267
188,0.0026915855705738,280.371276855469,99142.0703125,65.1130447387695,1.9320775270462,1.9742796421051,18.3020835,-77.2265879525624,39.9086998731188
189,0.0026915855705738,280.298034667969,100867.0703125,59.8317947387695,1.8754369020462,1.8356077671051,12.6333335,-76.1979404242481,39.5682921857245
190,0.0026915855705738,281.227722167969,101579.5703125,61.3708572387695,1.8686009645462,0.720373392105103,11.181219916666649,-75.8577635701108,39.4524796459207
191,0.0026915855705738,282.552917480469,90817.0703125,46.1677322387695,-8.06694602966309,-2.0491578578949,5.199999999999999,-116.44038130181,43.7128590094063
192,2.14331650733948,279.481628417969,84804.5703125,40.8161697387695,-5.12749290466309,-0.925134420394897,4.0666665,-105.187609397498,44.1287659866397
193,1.61206662654877,283.341003417969,88229.5703125,44.0192947387695,-3.72221922874451,-0.530603170394897,6.7541667499999996,-103.172103839622,44.0739741087087
194,0.151129081845284,291.273620605469,95454.5703125,78.081787109375,-0.317922472953796,0.176428079605103,6.28472233333333,-96.7737717178996,43.6374345702425
195,4.92456674575806,286.204284667969,98954.5703125,78.816162109375,4.14301490783691,0.817053079605103,6.5041665,-87.8539421158426,42.3332711632791
196,0.0026915855705738,281.589050292969,97467.0703125,65.0974197387695,4.43598365783691,3.97720909118652,11.2694443333333,-81.9463823322859,40.9840853898367
197,0.0339415855705738,280.966979980469,97679.5703125,64.4411697387695,4.30512428283691,4.08365440368652,15.196527833333349,-81.2286656880492,40.7915552661893
198,0.0183165855705738,280.469909667969,98679.5703125,63.6755447387695,3.47992920875549,4.30728721618652,17.6652175,-80.1613202306428,40.4932046404866
199,0.0026915855705738,280.622253417969,98479.5703125,64.4177322387695,2.71821022033691,3.9186155796051,18.864236208333324,-79.8080382927366,40.391238020219
200,0.0026915855705738,278.869323730469,96517.0703125,63.5661697387695,2.97895264625549,4.26236534118652,10.925,-79.4560215622617,40.2880265908616
201,0.0026915855705738,279.996276855469,100617.0703125,61.8864822387695,1.9252415895462,-0.342126607894897,14.35486108333335,-76.6864224710671,39.4185094166143
202,0.0026915855705738,281.348815917969,101704.5703125,60.5271072387695,1.9320775270462,-2.8958375453949,9.0625,-75.6696338913663,39.0729081033981
203,1.58862900733948,284.235534667969,91479.5703125,45.4021072387695,-3.28569579124451,0.199865579605103,5.721739,-101.992226551184,43.7324235966274
204,0.385504096746445,290.815612792969,96579.5703125,79.847412109375,1.2182103395462,0.620764017105103,5.4,-94.8647713042494,43.1340948026157
205,20.1589412689209,288.999206542969,98167.0703125,83.355224609375,2.92621803283691,0.515295267105103,5.54375,-90.6078933831359,42.5290806809847
206,12.0573797225952,287.416198730469,98279.5703125,78.370849609375,3.58832740783691,0.910803079605103,7.1395835,-89.084835952908,42.2655300369715
207,12.1198797225952,286.289245605469,98354.5703125,75.386474609375,4.60785865783691,1.4518187046051,4.9,-88.3288678182884,42.1252329990308
208,10.2839412689209,286.699401855469,99054.5703125,80.339599609375,4.32758522033691,1.4000608921051,6.203381666666666,-87.9523295542347,42.0529750392533
209,0.416754096746445,285.166198730469,98479.5703125,69.7771072387695,5.45258522033691,2.6149046421051,5.3322917499999996,-86.084699285097,41.6708427459586
210,0.0026915855705738,280.663269042969,98217.0703125,63.4255447387695,3.44965577125549,3.9508421421051,14.4,-80.6465322539205,40.3231844486046
211,0.0026915855705738,280.672058105469,98379.5703125,63.8474197387695,2.72406959533691,3.9137327671051,12.426087,-80.2934370222833,40.2230142069344
212,0.0026915855705738,280.486511230469,97917.0703125,63.0661697387695,3.00043702125549,3.7389280796051,10.995,-79.9415811313818,40.1215967472716
213,0.0026915855705738,278.119323730469,95504.5703125,61.5036697387695,2.09028053283691,2.1041624546051,11.5416665,-78.8935378655821,39.8099412634243
214,0.0026915855705738,280.254089355469,99767.0703125,61.1677322387695,1.9975072145462,-0.0413453578948975,13.50416675,-77.8569549588108,39.4873519876528
215,0.0026915855705738,280.360534667969,100167.0703125,59.4333572387695,1.9955540895462,-1.2903687953949,13.2458335,-77.1723685297031,39.2663282667386
216,0.0183165855705738,281.570495605469,101217.0703125,62.3396072387695,1.9721165895462,-0.201501607894897,14.83611125,-76.8320370601494,39.1540522691874
217,0.0026915855705738,282.083190917969,101704.5703125,62.9099197387695,2.13422584533691,-4.89193153381348,7.8333335,-75.4839378366361,38.6933855088925
218,3.29175424575806,283.294128417969,91842.0703125,75.738037109375,-6.88432884216309,-2.7005250453949,4.1,-122.933577078933,42.3069433731259
219,0.463629096746445,275.441589355469,76079.5703125,53.5427322387695,-7.10600852966309,-0.702478170394897,3.05625,-110.794785330822,43.4933842305112
220,0.440191596746445,278.979675292969,85979.5703125,36.8474197387695,-5.05718040466309,-0.222985982894897,4.2041665,-105.206957612218,43.5478258275438
221,1.91675400733948,281.250183105469,86992.0703125,40.6833572387695,-4.36089134216309,0.255529642105103,4.1333335,-103.611382806813,43.5075933925457
222,5.75269174575806,290.488464355469,97967.0703125,80.855224609375,2.59223365783691,0.671545267105103,4.6,-92.2221615962639,42.4853357640822
223,9.3542537689209,286.495300292969,98667.0703125,73.230224609375,4.32953834533691,1.3942015171051,4.9,-88.4245086930541,41.8446001861062
224,3.36987924575806,286.461120605469,99467.0703125,74.355224609375,4.92426490783691,2.1822874546051,7.579861166666667,-87.6759264830491,41.6995023740868
225,1.01831662654877,286.461120605469,99479.5703125,74.355224609375,4.93598365783691,1.9615843296051,7.017222200000001,-87.303105169964,41.6248734907463
226,0.612066566944122,286.321472167969,99504.5703125,73.159912109375,5.14985084533691,2.2369749546051,5.8,-86.9312832307693,41.5488663917777
227,0.213629096746445,284.844909667969,98504.5703125,67.7771072387695,5.39106178283691,2.6774046421051,8.113889,-85.4542708570097,41.2311861245364
228,0.432379096746445,284.836120605469,98792.0703125,65.4880447387695,5.34418678283691,2.9078733921051,10.0375,-85.0876545818605,41.1483864540522
229,0.0026915855705738,284.498229980469,98942.0703125,63.8396072387695,5.04535865783691,3.3756468296051,10.2145835,-83.9943415211289,40.8919862991392
230,0.0026915855705738,280.661315917969,97517.0703125,61.5114822387695,2.73578858375549,3.2301390171051,15.3,-80.775976019554,40.0524635045899
231,0.0026915855705738,280.486511230469,97117.0703125,63.0661697387695,2.57270240783691,3.3658812046051,10.9083335,-80.073875603617,39.8519625953
232,0.0026915855705738,279.831237792969,95767.0703125,60.2927322387695,2.23090553283691,2.0250608921051,11.9,-79.7246684946246,39.7498577004463
233,0.0026915855705738,280.427917480469,99579.5703125,61.8161697387695,2.01606178283691,0.0690062046051025,13.2,-77.9974021506506,39.2211094305335
234,0.0026915855705738,280.596862792969,100729.5703125,61.0739822387695,2.00336647033691,-1.1516969203949,12.2,-77.3153996320652,39.0012578956245
235,0.0026915855705738,281.976745605469,101429.5703125,64.2146072387695,2.01215553283691,-2.3938844203949,14.58405796666666,-76.9763350304512,38.8895754490534
236,0.0026915855705738,283.226745605469,101917.0703125,70.777099609375,2.14106178283691,-4.76009559631348,10.7041665,-75.9669650564208,38.5476022257989
237,0.955816566944122,291.729675292969,96467.0703125,77.831787109375,1.4144994020462,1.7193968296051,7.54375,-96.5449077420929,42.7350410330385
238,9.9245662689209,289.935729980469,98117.0703125,81.409912109375,3.16840577125549,1.6988890171051,2.935,-91.5359904878769,42.0851356187176
239,20.7605037689209,288.977722167969,99304.5703125,78.519287109375,3.58246803283691,1.4772093296051,6.25,-90.020566692303,41.8358940046848
240,2.70581674575806,286.688659667969,99442.0703125,69.8786697387695,4.92914772033691,2.1725218296051,7.729412,-88.1461656397361,41.4925934129897
241,0.0026915855705738,279.827331542969,95804.5703125,62.9724197387695,2.30707740783691,1.9137327671051,13.9,-79.8571230097151,39.4807873345794
242,0.0026915855705738,281.577331542969,101529.5703125,63.4489822387695,2.16449928283691,-4.59115028381348,14.31354175,-77.1193330987756,38.6250869299192
243,0.190191596746445,282.563659667969,88429.5703125,71.636474609375,-6.81694602966309,-2.9554078578949,1.725,-122.77018137957,41.7407313645865
244,0.0026915855705738,277.679870605469,82954.5703125,49.3396072387695,-7.08647727966309,-0.700525045394897,6.0,-120.488932675339,42.0783797561928
245,0.0026915855705738,280.794128417969,87429.5703125,44.2380447387695,-8.10503196716309,-0.810876607894897,2.5,-114.291236136203,42.7209992534877
246,0.432379096746445,273.511901855469,73717.0703125,50.9958572387695,-7.02788352966309,-0.468103170394897,3.225,-109.966020628404,42.9396933455105
247,0.127691596746445,273.678894042969,80667.0703125,34.4411697387695,-6.63139915466309,-0.0218141078948975,3.8,-108.781736259955,42.9673132192218
248,0.0808165818452835,273.452331542969,80679.5703125,32.9021072387695,-6.11870384216309,0.0631468296051025,4.1125,-107.596557718203,42.9811511099383
249,1.94019150733948,276.512878417969,83217.0703125,36.7536697387695,-5.53862571716309,0.0807249546051025,4.3,-106.411079539528,42.9811955490763
250,1.09644162654877,291.973815917969,96504.5703125,79.816162109375,1.6820775270462,2.2623655796051,8.6,-96.2121436209905,42.4070223668537
251,8.9558162689209,290.091979980469,98092.0703125,80.003662109375,3.08051514625549,1.9381468296051,5.3197915,-91.6154020364219,41.8017331510412
252,10.7917537689209,289.167175292969,99279.5703125,78.386474609375,3.64594483375549,1.9068968296051,5.867451633333334,-90.4830287102179,41.6179787585839
253,1.78394162654877,286.688659667969,99442.0703125,69.8786697387695,4.75238990783691,2.1998655796051,4.5458335,-88.2416427639264,41.2125224394795
254,0.0026915855705738,282.665222167969,97479.5703125,60.3942947387695,3.55610108375549,2.7242796421051,11.609259222222233,-83.1486404846067,40.0761719781638
255,0.0026915855705738,282.699401855469,98079.5703125,63.5271072387695,3.86957764625549,3.1119749546051,11.9,-82.7928768252462,39.9851559640814
256,0.0495665855705738,281.370300292969,97567.0703125,62.1052322387695,2.15863990783691,1.0836546421051,13.9,-80.3347855991861,39.3127467920985
257,3.12769150733948,276.512878417969,80904.5703125,36.7536697387695,-5.65386009216309,0.321935892105103,2.25,-106.414174557794,42.6911528574285
258,10.5886297225952,289.662292480469,99229.5703125,78.417724609375,3.76703858375549,2.0318968296051,4.533333333333334,-90.9418969649073,41.3980396258409
259,0.0105040855705738,284.988464355469,98554.5703125,63.2692947387695,4.69672584533691,2.4410765171051,6.9041665,-86.1386912942645,40.4800706316783
260,0.0105040855705738,285.011901855469,98567.0703125,63.7458572387695,4.57367897033691,2.5543577671051,8.2,-85.4141387004066,40.3185253685954
261,0.0026915855705738,283.771667480469,97942.0703125,61.5427322387695,3.81391358375549,2.5914671421051,13.138889,-83.9775618674891,39.9796684746676
262,0.0026915855705738,282.384948730469,98717.0703125,62.6130447387695,2.56000709533691,1.5006468296051,8.2,-81.8554096005432,39.4328020091854
263,0.0026915855705738,278.777526855469,96342.0703125,56.3708572387695,1.9701634645462,-3.9671266078949,13.0,-78.7501483416368,38.5288311784768
264,0.502691626548767,273.271667480469,76254.5703125,37.0661697387695,-6.22514915466309,0.152990579605103,4.0208335,-108.763112835663,42.3875483619939
265,0.768316566944122,291.607604980469,97904.5703125,81.738037109375,2.57660889625549,2.3609983921051,5.7130435,-93.6564391392054,41.5097765907674
266,0.0183165855705738,285.785339355469,99254.5703125,64.1833572387695,4.42817115783691,2.3219358921051,7.6208335,-86.9675691166196,40.3580536923001
267,0.0105040855705738,283.920104980469,98004.5703125,59.6599197387695,3.91156983375549,2.0602171421051,9.05416675,-85.5208749394908,40.0420482539819
268,0.0026915855705738,283.805847167969,97454.5703125,60.4958572387695,3.46430420875549,2.2281858921051,8.85833333333333,-84.8036067188509,39.8761481318384
269,0.0026915855705738,284.165222167969,98654.5703125,62.8083572387695,3.23969483375549,1.9742796421051,11.1975,-84.0905206852083,39.7050544306473
270,0.0026915855705738,280.181823730469,99604.5703125,51.8396072387695,1.9877415895462,-4.88802528381348,13.0,-78.5465580428097,38.1561895991051
271,0.362066596746445,278.551940917969,83029.5703125,45.2146072387695,-7.21636009216309,0.362951517105103,3.4,-111.859434163288,41.9954963635589
272,0.479254096746445,292.594909667969,96579.5703125,81.409912109375,1.3432103395462,2.2340452671051,6.2,-95.9972653501332,41.5055641663233
273,0.963629066944122,287.807800292969,99379.5703125,71.6755447387695,3.83637452125549,1.6666624546051,6.2458335,-89.623690061376,40.5783880151206
274,0.135504096746445,286.207214355469,98542.0703125,64.8630447387695,4.26703834533691,1.7721312046051,6.5854165,-88.8886642368252,40.4427422015732
275,0.0026915855705738,284.980651855469,98567.0703125,63.7067947387695,3.75043702125549,1.8180296421051,9.4,-86.3447705226017,39.9254201404786
276,0.0026915855705738,284.903503417969,98604.5703125,63.4567947387695,3.54242920875549,1.7545530796051,9.635879583333333,-85.9851824959627,39.8461934527322
277,0.0026915855705738,284.311706542969,98642.0703125,62.7692947387695,3.39203858375549,1.9313108921051,11.0,-84.5569030062685,39.516233518268
278,0.0026915855705738,283.765808105469,98654.5703125,61.8396072387695,2.91352295875549,1.1627562046051,12.7,-84.2024108435155,39.4305135454357
279,0.0026915855705738,281.229675292969,101342.0703125,58.3630447387695,2.63813233375549,-7.35189151763916,11.8,-77.6786516213725,37.5671728248161
280,0.0026915855705738,282.391784667969,101754.5703125,63.0583572387695,2.96528077125549,-8.12142276763916,12.13125,-77.3470439194726,37.4572781465398
281,0.0026915855705738,285.412292480469,101954.5703125,60.8864822387695,3.49848389625549,-9.74349308013916,7.22916666666667,-76.3596029843543,37.1208610133025
282,0.0261290855705738,280.101745605469,84229.5703125,49.0349197387695,-7.36675071716309,0.541662454605103,4.511111,-111.834361374127,41.7066233445107
283,1.37769162654877,280.415222167969,86404.5703125,41.3474197387695,-5.55425071716309,0.941076517105103,5.5,-103.716442713623,41.7697225742697
284,0.838629066944122,292.925964355469,96617.0703125,81.605224609375,0.744577527046204,2.0279905796051,5.429513958333333,-96.0533824834593,41.2195015406651
285,0.635504066944122,292.920104980469,96717.0703125,83.378662109375,1.4232884645462,2.1393187046051,5.8,-94.9197317032074,41.0865483980814
286,0.455816596746445,290.859558105469,99067.0703125,83.339599609375,3.25043702125549,1.7252562046051,5.9,-91.9251649938741,40.669290505374
287,0.0651915818452835,286.385925292969,99517.0703125,66.2302322387695,4.02094459533691,1.5221312046051,5.748611166666665,-88.2506397893665,40.0223785729669
288,0.0026915855705738,284.863464355469,98604.5703125,63.3396072387695,3.39106202125549,1.4479124546051,9.5,-86.0883223740333,39.5694465140358
289,0.0026915855705738,285.088073730469,99254.5703125,66.0817947387695,2.91449952125549,1.1598265171051,11.4381945,-84.6662281481228,39.2413030376518
290,0.0026915855705738,283.863464355469,98654.5703125,61.8942947387695,2.80805420875549,0.910803079605103,11.860416611111134,-84.313246942495,39.1560530713571
291,0.0026915855705738,283.591979980469,99504.5703125,62.1521072387695,2.10883522033691,-0.347009420394897,15.5,-82.9118268802576,38.8024004037745
292,0.0026915855705738,282.987487792969,98417.0703125,61.7771072387695,1.5512181520462,-2.7259156703949,15.65,-81.527712009984,38.4288403542298
293,0.0026915855705738,282.810729980469,101529.5703125,64.5974197387695,2.79242920875549,-7.97884464263916,11.6,-77.4849968476511,37.1934290127361
294,0.0026915855705738,284.910339355469,101954.5703125,67.1677322387695,3.65864014625549,-10.3333368301392,9.149999999999999,-76.1755874023537,36.7450257555329
295,0.135504081845284,279.201354980469,84829.5703125,41.4333572387695,-7.26811790466309,0.658849954605103,10.4375,-112.192823219652,41.3986019270961
296,0.541754066944122,274.221862792969,79842.0703125,37.4255447387695,-6.47417259216309,0.118810892105103,3.4,-109.120636800602,41.5117055927315
297,0.0339415855705738,290.190612792969,99229.5703125,79.691162109375,3.17133545875549,1.3121702671051,6.3,-91.2627586991075,40.2687978425315
298,0.127691596746445,287.257019042969,99442.0703125,70.6833572387695,3.40473389625549,1.0553343296051,10.315909,-89.0680195699622,39.882740576273
299,0.0105040855705738,286.188659667969,99604.5703125,68.9333572387695,2.98285889625549,0.936193704605103,6.510616,-87.2626492466427,39.5239388061898
300,0.0026915855705738,284.604675292969,98892.0703125,61.8161697387695,2.63031983375549,0.680334329605103,5.9458335,-85.8350104538267,39.2131478679282
301,0.0183165855705738,283.579284667969,99204.5703125,61.6286697387695,1.8148900270462,-1.1614625453949,15.0,-82.6812329536806,38.4389144716979
302,0.0339415855705738,282.940612792969,98704.5703125,59.1052322387695,1.5434056520462,-1.9241578578949,14.9,-82.3360626698525,38.3466393273217
303,0.0026915855705738,280.485534667969,98379.5703125,51.9958572387695,2.18110084533691,-6.97786903381348,14.2,-79.2795152833067,37.4619535911064
304,0.0026915855705738,289.212097167969,96017.0703125,52.1989822387695,-6.34233665466309,-1.9720094203949,0.0,-122.299228196218,40.044899473908
305,0.658941626548767,273.787292480469,75592.0703125,42.3474197387695,-6.42143821716309,0.621740579605103,3.4,-105.663254210565,41.2360968917164
306,0.252691596746445,278.081237792969,80217.0703125,44.4880447387695,-6.18706321716309,0.767248392105103,2.3875,-104.89761450884,41.2228055416515
307,0.190191596746445,277.955261230469,81829.5703125,44.5896072387695,-6.26518821716309,0.385412454605103,1.0416665,-104.514949836985,41.2139418388983
308,4.7370662689209,291.640808105469,94104.5703125,72.534912109375,-1.8892115354538,1.4381468296051,0.5,-98.4234149536586,40.8720900569659
309,1.49487912654877,293.047058105469,96617.0703125,79.870849609375,-0.268117785453796,1.8102171421051,6.6,-96.5392422640314,40.6888161236652
310,0.0339415855705738,287.491394042969,99417.0703125,71.5896072387695,2.67621827125549,0.512365579605103,6.0041665,-89.5184559812126,39.6702904576195
311,0.0026915855705738,285.867370605469,99642.0703125,69.4958572387695,2.81781983375549,0.763342142105103,5.49375,-86.6465534916828,39.0941818295787
312,0.0026915855705738,283.621276855469,98704.5703125,62.3474197387695,1.5502415895462,-2.0589234828949,12.7,-83.1420667309202,38.2576003004499
313,0.0105040855705738,280.685729980469,95742.0703125,59.3239822387695,2.06098365783691,-6.83431434631348,16.6,-80.0776480149349,37.3991455406104
314,0.0026915855705738,281.906433105469,97679.5703125,57.7927322387695,1.8441869020462,-6.72689247131348,12.9,-79.7427102821137,37.2978272831091
315,0.0105040855705738,291.398620605469,96917.0703125,66.1364822387695,-7.50151634216309,-1.6839234828949,6.6,-121.857549349973,39.8202760420157
316,4.2917537689209,282.102722167969,83904.5703125,60.5349197387695,-7.84624290466309,-1.4641969203949,8.9,-121.123658730211,39.9312183987664
317,0.619879126548767,279.348815917969,84629.5703125,47.5427322387695,-7.21245384216309,0.936193704605103,4.7375,-112.140076045742,40.8219769933094
318,0.885504066944122,279.356628417969,81929.5703125,49.4333572387695,-6.97124290466309,0.653967142105103,5.357939822222224,-111.760669668643,40.8410785471194
319,0.0026915855705738,285.879089355469,99617.0703125,67.0036697387695,2.12543678283691,-0.197595357894897,7.5,-87.0995124192132,38.89352525898
320,0.0339415855705738,283.717956542969,95054.5703125,57.9958572387695,-6.47514915466309,-2.0208375453949,4.4045455,-123.236415419557,39.3009529653093
321,0.127691596746445,280.577331542969,82479.5703125,48.8239822387695,-8.10893821716309,-0.890954732894897,5.1,-120.320574303116,39.7530782767868
322,5.3855037689209,278.638854980469,82729.5703125,47.6286697387695,-7.31011009216309,0.985021829605103,5.29583333333333,-112.491340692491,40.513507222723
323,2.58862924575806,279.348815917969,83229.5703125,47.5427322387695,-7.37553977966309,1.0543577671051,6.33125,-112.114101647652,40.5339507551254
324,1.51050400733948,280.079284667969,81229.5703125,50.1599197387695,-7.10796165466309,1.0270140171051,9.36825175,-111.736601825824,40.5529425329922
325,1.05737912654877,279.114440917969,82992.0703125,42.5583572387695,-6.37163352966309,0.154943704605103,3.5229165,-104.918918004523,40.645267917608
326,0.346441596746445,288.399597167969,99392.0703125,74.519287109375,1.8930150270462,-0.0022828578948974,4.7229165,-90.409391075205,39.2395468453207
327,0.0026915855705738,285.475769042969,99317.0703125,67.6052322387695,1.6518040895462,-2.3411500453949,13.00878786666666,-85.7903893659385,38.3055777072173
328,0.0026915855705738,285.217956542969,99592.0703125,65.8786697387695,1.6439915895462,-2.3450562953949,13.3125,-85.4414042903279,38.2246961554583
329,0.0026915855705738,284.255065917969,98654.5703125,63.4724197387695,1.0893040895462,-3.7151734828949,13.1,-84.4002704573345,37.9745144988383
330,0.0026915855705738,283.332214355469,97329.5703125,62.2849197387695,1.0561009645462,-5.15950965881348,14.5,-82.6850861164514,37.5328171507047
331,0.112066581845284,284.434753417969,96417.0703125,56.5896072387695,-6.49761009216309,-1.5442750453949,5.5208335,-123.157055918047,39.0201209473932
332,0.0105040855705738,293.317565917969,100154.5703125,68.6286697387695,-7.80718040466309,-1.4563844203949,7.6,-121.711533630572,39.2557852742626
333,0.104254081845284,286.441589355469,89804.5703125,64.2458572387695,-8.04253196716309,-1.0813844203949,6.225,-120.984504817546,39.3654800226568
334,0.0026915855705738,279.651550292969,81979.5703125,44.2614822387695,-8.12065696716309,-0.601892232894897,5.980092444444444,-119.888968563576,39.519747212505
335,1.38550400733948,280.713073730469,83504.5703125,55.2380447387695,-7.04643821716309,0.901037454605103,7.85277783333333,-111.712775791145,40.2650062727335
336,0.0651915818452835,275.242370605469,82179.5703125,29.9646053314209,-5.75444602966309,0.397131204605103,4.4458335,-109.83151833176,40.3377148351862
337,0.0026915855705738,275.197448730469,83379.5703125,30.6911678314209,-5.70268821716309,-0.201501607894897,5.0291665,-109.454759860424,40.3479066952216
338,1.38550412654877,279.419128417969,84079.5703125,39.8708572387695,-6.70561790466309,0.0201780796051025,4.6,-104.929408708237,40.3568008423554
339,0.994879126548767,279.720886230469,84879.5703125,40.9567947387695,-6.51714134216309,-0.206384420394897,5.5020835,-104.552523356385,40.3480893781666
340,0.557379126548767,288.180847167969,99417.0703125,73.464599609375,1.5043431520462,-0.541345357894897,6.4,-90.1316113413922,38.8954712628786
341,0.0026915855705738,285.857604980469,99854.5703125,68.1052322387695,1.5004369020462,-1.2249391078949,8.85,-86.9398546438731,38.2639960003741
342,0.0026915855705738,285.475769042969,99654.5703125,67.6052322387695,1.5434056520462,-2.0852906703949,13.3208335,-85.8917583150422,38.0302732710522
343,0.0026915855705738,284.945495605469,100542.0703125,65.6521072387695,4.04535865783691,-10.8684930801392,12.686111,-78.8068737183056,36.0866077674929
344,0.0026915855705738,285.821472167969,101742.0703125,66.3083572387695,5.41742897033691,-11.8225946426392,10.0,-77.5114592541568,35.6586133921692
345,0.143316596746445,288.383972167969,95767.0703125,56.0896072387695,-7.80913352966309,-1.4475953578949,4.725,-122.360461230284,38.8593066559062
346,0.0026915855705738,292.614440917969,98842.0703125,70.2849197387695,-8.08843040466309,-0.622400045394897,10.6125,-121.278099397899,39.0290082973741
347,0.0886290818452835,280.622253417969,80017.0703125,55.7380447387695,-8.07475852966309,-0.206384420394897,5.6,-120.189650133886,39.186500378103
348,0.0105040855705738,278.139831542969,80079.5703125,47.0271072387695,-8.07378196716309,-0.192712545394897,5.87291675,-119.825551961203,39.2362639264836
349,0.0964415892958641,273.271667480469,79017.0703125,33.3161697387695,-6.47807884216309,0.266271829605103,9.2041665,-108.692355450787,40.0756338718735
350,0.752691566944122,277.303894042969,79117.0703125,38.6755447387695,-6.55522727966309,-0.256189107894897,4.1,-105.314895307669,40.0757596575223
351,0.877691626548767,277.303894042969,83204.5703125,38.6755447387695,-6.37163352966309,-0.178064107894897,5.10416666666667,-104.939794202098,40.0685430307254
352,0.229254096746445,293.591003417969,97967.0703125,81.402099609375,-0.0513209104537964,-0.581384420394897,5.4166665,-94.5462162044515,39.2855752703896
353,1.29175412654877,288.560729980469,99467.0703125,74.519287109375,0.944772839546204,-1.4554078578949,7.681101226190477,-90.2134404172046,38.6154989787884
354,0.0026915855705738,286.560729980469,100429.5703125,66.3630447387695,0.989694714546204,-2.3528687953949,7.620138833333335,-87.3854652917978,38.0624743110473
355,0.0026915855705738,285.769714355469,99479.5703125,68.2067947387695,1.1615697145462,-3.7405641078949,12.8,-85.9921884118123,37.7550989373389
356,0.0026915855705738,283.351745605469,98754.5703125,58.8786697387695,3.62348389625549,-10.4954462051392,13.5208335,-80.243944831074,36.2299191804243
357,0.0026915855705738,283.484558105469,99067.0703125,57.5896072387695,3.30610108375549,-10.1438837051392,13.0416665,-79.9151684694187,36.1296138064517
358,0.0026915855705738,285.996276855469,100542.0703125,65.2927322387695,4.24555397033691,-11.2151727676392,12.2458335,-78.9354155743511,35.8219375865258
359,0.0026915855705738,285.266784667969,100842.0703125,64.3630447387695,4.79340553283691,-11.6233758926392,12.7066666,-78.6110462627838,35.7171502175337
360,0.0026915855705738,285.842956542969,101217.0703125,63.3317947387695,4.74848365783691,-11.6429071426392,13.145238,-78.287795372194,35.6112610215849
361,0.0026915855705738,284.284362792969,100242.0703125,93.878662109375,-4.09526634216309,-1.7415406703949,10.2458335,-123.000606441302,38.4589494650178
362,0.0026915855705738,291.623229980469,100604.5703125,71.003662109375,-8.25542259216309,-0.320642232894897,10.9,-121.568323937397,38.6919744351223
363,0.0026915855705738,292.614440917969,99942.0703125,70.2849197387695,-8.07182884216309,-0.329431295394897,11.886458375,-121.208512960426,38.7468802086871
364,0.0573790855705738,278.799011230469,79679.5703125,49.3786697387695,-8.12163352966309,-0.0804078578948975,5.4083335,-119.762750311448,38.952966064674
365,0.338629096746445,277.808776855469,81029.5703125,40.4646072387695,-6.57573509216309,-0.218103170394897,6.111574083333333,-104.950076060517,39.7805005020151
366,1.08862900733948,293.282409667969,97242.0703125,80.378662109375,-0.461477160453796,-0.785485982894897,7.80625,-95.699761397141,39.1380282845044
367,0.166754096746445,293.632019042969,97992.0703125,82.363037109375,-0.0513209104537964,-0.581384420394897,7.1611979375,-94.6072658134416,39.0019984079717
368,2.72144150733948,289.308776855469,99554.5703125,78.034912109375,0.633249402046204,-1.6477906703949,3.6238095,-90.2944925994845,38.3356910786986
369,0.713629126548767,288.674011230469,100192.0703125,76.355224609375,0.930124402046204,-1.6321656703949,4.9229165,-89.9397378400658,38.2714969848104
370,0.0105040855705738,287.145690917969,100404.5703125,68.7771072387695,0.542429089546204,-2.1946656703949,5.53125,-88.5286448997628,38.001667235816
371,0.0026915855705738,286.590026855469,100429.5703125,66.0817947387695,1.0795384645462,-3.4905641078949,11.1,-87.1308472365153,37.7112145225407
372,0.0026915855705738,285.400573730469,98442.0703125,67.0739822387695,0.727975964546204,-5.05208778381348,17.8,-84.7189938921072,37.1544151861252
373,0.0026915855705738,284.424987792969,95179.5703125,67.8552322387695,1.9721165895462,-8.44564151763916,15.1333335,-82.3539559230194,36.5377106594516
374,0.0026915855705738,284.062683105469,98867.0703125,59.9021072387695,3.61371827125549,-10.4964227676392,15.02246375,-80.3665086144132,35.9631552153724
375,0.0026915855705738,287.510925292969,98429.5703125,67.2692947387695,-3.69585204124451,-0.721032857894897,14.0,-122.212022117776,38.2971381663133
376,0.0026915855705738,291.457214355469,100854.5703125,69.816162109375,-7.86968040466309,-0.0716187953948975,6.7458335,-121.139593451551,38.4649367403058
377,0.190191596746445,275.871276855469,78767.0703125,41.7614822387695,-6.76811790466309,-0.0979859828948975,4.398611166666665,-104.960255826655,39.4926792273213
378,0.823004066944122,293.834167480469,98004.5703125,82.636474609375,-0.534719347953796,-1.1165406703949,5.72083325,-94.6677252084429,38.7186149367303
379,0.0261290855705738,285.827331542969,100792.0703125,84.339599609375,-7.64897727966309,0.837560892105103,14.361111166666667,-122.493337991867,37.9580614170735
380,0.0026915855705738,286.692565917969,100154.5703125,77.441162109375,-7.78276634216309,-0.140954732894897,14.926799375,-122.138858578436,38.0163286211724
381,0.0026915855705738,286.247253417969,99342.0703125,66.9802322387695,0.643991589546204,-5.97591590881348,16.2,-86.2879707572972,36.9304237047183
382,0.0026915855705738,284.454284667969,95242.0703125,65.1521072387695,2.87934327125549,-9.97884464263916,13.2041665,-81.9191528904771,35.8134462458472
383,0.0026915855705738,286.045104980469,98717.0703125,66.8942947387695,3.29828858375549,-10.4954462051392,16.0,-81.2617375549786,35.6239643532718
384,0.0026915855705738,287.636901855469,100367.0703125,64.9567947387695,4.80512428283691,-11.4788446426392,12.5416665,-79.9593142594748,35.2314058392543
385,0.0026915855705738,289.335144042969,101467.0703125,70.738037109375,5.66938209533691,-11.0774774551392,12.0,-78.9935822526144,34.9253154109389
386,0.198004096746445,284.565612792969,101404.5703125,93.730224609375,-5.57475852966309,-2.1956422328949,15.423128166666666,-122.419264712013,37.6777700589653
387,0.0417540855705738,286.644714355469,99104.5703125,69.738037109375,-7.58647727966309,-0.359704732894897,12.91875,-122.066385942531,37.7357105924584
388,0.0026915855705738,286.644714355469,98317.0703125,69.738037109375,-6.97221946716309,-0.555017232894897,11.6125,-121.712825905633,37.7923369065469
389,0.112066581845284,275.374206542969,79942.0703125,35.9958572387695,-6.80327415466309,0.139318704605103,3.9333335,-108.659064252064,38.9246534602382
390,0.252691566944122,271.189636230469,75867.0703125,36.1286697387695,-6.62553977966309,-0.144860982894897,4.5295455,-104.980315103094,38.917724082539
391,0.135504096746445,290.013854980469,92867.0703125,61.6442947387695,-4.33745384216309,-0.282556295394897,6.1270835,-99.850363428248,38.6712335587987
392,0.0026915855705738,288.504089355469,100392.0703125,73.534912109375,0.347116589546204,-4.76595497131348,11.2,-88.4443665848285,37.099319998146
393,0.0026915855705738,286.971862792969,99629.5703125,68.1364822387695,0.559030652046204,-5.50130653381348,15.3,-87.4107675367069,36.8831890822371
394,0.0026915855705738,286.744323730469,97479.5703125,71.558349609375,1.3852025270462,-7.98275184631348,17.609375,-84.0219785570523,36.0826058911244
395,0.0026915855705738,283.784362792969,90492.0703125,71.9802322387695,2.49457764625549,-9.64974308013916,16.3104165,-82.6924516122909,35.7288183195055
396,0.0261290855705738,287.287292480469,99754.5703125,66.7302322387695,4.58637428283691,-11.3391962051392,14.86868683333335,-80.7278299381601,35.1634867371557
397,0.0026915855705738,293.672058105469,101867.0703125,75.292724609375,1.6420384645462,-1.5989625453949,5.5454545,-77.8509198244935,34.2404890867367
398,0.0261290855705738,285.513854980469,99192.0703125,76.573974609375,-7.58647727966309,-0.350915670394897,13.5416665,-122.34588642616,37.3976745101752
399,0.0026915855705738,285.988464355469,97379.5703125,74.753662109375,-6.03276634216309,-0.858728170394897,16.9222223333333,-121.994594603647,37.4552902970076
400,0.0183165855705738,274.382019042969,73592.0703125,61.9333572387695,-7.50932884216309,1.4625608921051,5.8104165,-119.16124582014,37.8687906403442
401,0.0730040818452835,293.684753417969,98117.0703125,80.745849609375,-1.3218287229538,-2.3440797328949,2.425,-94.1336488785955,37.7743269995476
402,0.0026915855705738,287.113464355469,99642.0703125,68.3942947387695,0.432077527046204,-5.51595497131348,15.5416665,-87.5023695123502,36.6075124927097
403,0.0026915855705738,287.198425292969,99342.0703125,69.7224197387695,0.577585339546204,-6.21224403381348,16.5055556666667,-86.4806904545358,36.381412758894
404,0.0026915855705738,286.248229980469,97517.0703125,70.4802322387695,0.769968152046204,-7.15853309631348,17.7458335,-85.4668065099822,36.1443047688463
405,0.0026915855705738,287.023620605469,97392.0703125,73.269287109375,1.4115697145462,-8.23568153381348,18.7375,-84.4609970575924,35.8963507305391
406,0.0026915855705738,285.563659667969,94304.5703125,70.9802322387695,2.36371803283691,-9.42513370513916,17.4083335,-83.7950739286928,35.7251051315873
407,0.0026915855705738,284.204284667969,90242.0703125,73.597412109375,2.74164795875549,-9.92318058013916,17.2,-83.132930813949,35.5491646377964
408,0.369879096746445,287.851745605469,99742.0703125,66.3786697387695,4.93500709533691,-11.1936883926392,12.9083335,-80.8461907835904,34.8971612322828
409,0.690191566944122,289.155456542969,100767.0703125,69.5427322387695,5.14106178283691,-10.8518915176392,12.2,-80.2018876530678,34.7007518923993
410,0.0026915855705738,285.956237792969,95679.5703125,62.0661697387695,-8.26421165466309,1.0455687046051,12.023809499999999,-121.923475130115,37.1750738952151
411,0.0026915855705738,289.709167480469,100054.5703125,53.2224197387695,-8.30913352966309,1.2496702671051,12.2,-120.51811192497,37.3911995581979
412,0.0730040818452835,273.938659667969,72517.0703125,59.9958572387695,-7.41362571716309,1.9723265171051,6.938889,-119.103032622676,37.5862472297132
413,0.494879096746445,276.228698730469,83892.0703125,27.3474178314209,-6.98003196716309,-0.514001607894897,4.0,-104.635928302837,38.3353569585223
414,0.0808165818452835,294.021667480469,98017.0703125,83.214599609375,-1.5923365354538,-2.4456422328949,8.03125,-95.6147443736874,37.6766262569222
415,8.4245662689209,292.877136230469,97079.5703125,79.183349609375,-1.1304224729538,-3.3265016078949,9.2394735,-93.1364043377511,37.3401525863786
416,0.0026915855705738,287.265808105469,99629.5703125,68.4880447387695,0.589304089546204,-6.45540809631348,15.9,-86.9140354350045,36.1833346392029
417,0.0026915855705738,287.265808105469,99642.0703125,68.4880447387695,0.660593152046204,-6.86068153381348,17.3,-86.5757450821217,36.1071585455202
418,0.0026915855705738,286.083190917969,91842.0703125,73.683349609375,2.78754639625549,-9.95052433013916,16.6125,-83.5708141655237,35.3675266920735
419,0.0026915855705738,288.543151855469,99517.0703125,69.9411697387695,3.75824952125549,-10.9309930801392,14.7,-81.9339296331801,34.9156720810593
420,1.49487900733948,291.256042480469,101642.0703125,75.253662109375,4.87836647033691,-10.4720087051392,11.0,-79.6837846316653,34.2358672888446
421,0.0026915855705738,287.360534667969,96754.5703125,71.503662109375,-8.31987571716309,1.0533812046051,13.12291675,-121.504206414372,36.9507462585145
422,0.0026915855705738,275.472839355469,75917.0703125,49.6208572387695,-6.88042259216309,2.0914671421051,6.425,-118.337751554012,37.3929614130467
423,0.237066596746445,276.227722167969,81129.5703125,36.9411697387695,-7.09038352966309,0.575842142105103,4.83125,-112.973666501268,37.8890236493006
424,4.7136287689209,293.970886230469,96717.0703125,76.581787109375,-2.05718040466309,-1.5774781703949,5.46875,-97.446899460798,37.59286208154
425,0.0026915855705738,288.313659667969,98567.0703125,67.6364822387695,1.8461400270462,-8.87923526763916,18.7458335,-84.6667167061735,35.3533151992658
426,0.0026915855705738,288.064636230469,98992.0703125,63.6286697387695,3.33735108375549,-10.5862665176392,15.0,-82.3708109046104,34.7402326393584
427,0.0026915855705738,284.912292480469,99867.0703125,93.003662109375,-8.15386009216309,1.6529905796051,9.66875,-121.783214902897,36.6152771323969
428,0.0261290855705738,290.005065917969,98592.0703125,54.6521072387695,-7.65190696716309,2.3854124546051,13.9694445,-119.690477990791,36.9280323876164
429,2.84644174575806,290.086120605469,100642.0703125,68.2536697387695,0.0463353395462036,-5.88802528381348,12.140909,-89.4696142307582,36.1277017161982
430,0.0105040855705738,287.669128417969,98679.5703125,68.6521072387695,1.1811009645462,-7.89486122131348,14.4291665,-87.0987880367408,35.6345246726523
431,0.0026915855705738,288.795104980469,97704.5703125,64.9646072387695,4.05903053283691,-10.8782587051392,13.7113635,-83.1300619679288,34.652225504131
432,1.15894162654877,290.372253417969,100454.5703125,70.3942947387695,4.64203834533691,-9.86458683013916,12.5,-81.1952125817291,34.0989708010894
433,3.50269150733948,291.348815917969,100854.5703125,72.175537109375,4.60688209533691,-9.88021183013916,12.1,-80.8761293497308,34.0028794128243
434,0.0026915855705738,289.259948730469,99504.5703125,48.9411697387695,-8.06499290466309,2.4420530796051,15.3,-119.630700395086,36.6467070503398
435,0.0026915855705738,273.597839355469,83604.5703125,27.2536678314209,-5.61284446716309,-0.221032857894897,4.9125,-113.273280355708,37.2951856699559
436,0.0964415818452835,294.629089355469,98079.5703125,83.644287109375,-2.27397704124451,-3.5462281703949,6.83125,-95.7762717250159,36.8288393086351
437,1.31519162654877,289.889831542969,100279.5703125,71.6833572387695,0.221140027046204,-6.36556434631348,14.8166665,-88.8723924797573,35.7168549882245
438,0.0026915855705738,288.216003417969,97417.0703125,67.5896072387695,2.59028077125549,-9.58431339263916,19.759722222222234,-85.197845728939,34.892982689898
439,0.0026915855705738,285.819519042969,95304.5703125,50.2614822387695,-9.05718040466309,2.5797483921051,13.6333335,-120.956550814089,36.1645871866177
440,0.0026915855705738,289.588073730469,97892.0703125,50.6599197387695,-7.30620384216309,2.6715452671051,17.1,-119.223807000348,36.4126456495031
441,0.0026915855705738,273.157409667969,84392.0703125,22.6052303314209,-6.78569602966309,1.6695921421051,4.81666666666667,-117.827924384238,36.5877061700903
442,0.877691626548767,273.363464355469,77529.5703125,26.8708553314209,-6.29253196716309,0.307287454605103,4.5125,-107.896915374407,37.2150546541006
443,5.5808162689209,294.153503417969,96942.0703125,76.128662109375,-2.89409422874451,-3.4378297328949,6.60625,-97.2308402017325,36.7059296222694
444,0.408941596746445,293.824401855469,97092.0703125,83.222412109375,-2.00639915466309,-4.23665809631348,10.433333333333334,-94.0881023961333,36.318243699163
445,0.0886290818452835,288.115417480469,98529.5703125,65.9567947387695,1.6801244020462,-8.32454872131348,16.2458335,-87.2802513112789,35.0864782433493
446,0.0026915855705738,289.450378417969,98567.0703125,68.7927322387695,3.49164795875549,-10.4407587051392,21.2375,-83.6664863126652,34.2021856632827
447,0.0026915855705738,288.532409667969,99954.5703125,45.3083572387695,-7.06303977966309,2.7399046421051,11.7,-119.512803258177,36.0847770363798
448,0.604254066944122,295.032409667969,99129.5703125,85.113037109375,-2.13042235374451,-4.35579872131348,6.22916666666667,-95.8814528112672,36.2648604655386
449,1.71362912654877,292.313659667969,100742.0703125,70.363037109375,0.0482884645462036,-6.49544715881348,12.0,-91.0645725793385,35.5480454559629
450,0.174566596746445,288.395690917969,98929.5703125,65.8786697387695,1.4936009645462,-8.17220497131348,16.7,-87.7019273808405,34.8856679989688
451,0.0105040855705738,288.512878417969,98879.5703125,63.6521072387695,2.21430397033691,-8.95052433013916,20.5,-86.7078557104611,34.6633631233605
452,0.112066581845284,288.615417480469,97942.0703125,62.9177322387695,3.91254639625549,-10.4749383926392,18.20625,-84.0933650428803,34.0190061872406
453,0.0026915855705738,289.985534667969,99167.0703125,65.9646072387695,4.48676490783691,-10.3743524551392,16.78958325,-83.4484070618895,33.8464572026434
454,0.0964415818452835,290.735534667969,100354.5703125,64.1130447387695,4.46137428283691,-9.53060245513916,12.6145835,-82.1693626066905,33.4879517056075
455,3.89331650733948,296.030456542969,101729.5703125,76.363037109375,1.8773900270462,1.9928343296051,9.95,-79.9671698306497,32.8186264192483
456,0.0026915855705738,269.717956542969,85192.0703125,21.8942928314209,-7.66557884216309,-0.488610982894897,5.305555416666666,-115.288755472093,36.2765133399612
457,24.0183162689209,292.754089355469,94717.0703125,69.1208572387695,-3.68706321716309,-3.0579469203949,5.5270835,-99.0678781272455,36.3079432144938
458,0.369879096746445,295.075378417969,99142.0703125,85.464599609375,-2.28960204124451,-4.83919715881348,6.2166665,-95.9333129165051,35.9832519994244
459,9.4714412689209,291.674011230469,100579.5703125,68.0036697387695,0.0658665895462036,-6.65462684631348,11.850000000000001,-90.12577202052,35.0856640590867
460,9.8933162689209,291.364440917969,100317.0703125,71.597412109375,0.262155652046204,-6.88607215881348,11.544117750000002,-89.7898181065883,35.0216047339815
461,0.0261290855705738,289.786315917969,99579.5703125,67.2536697387695,2.53461670875549,-9.11653995513916,18.7,-87.1285047754784,34.4655487612406
462,0.0573790855705738,289.161315917969,98329.5703125,65.6521072387695,3.24848389625549,-9.81478214263916,20.0,-86.1432707832077,34.2373994584915
463,0.0183165855705738,289.402526855469,98529.5703125,64.8317947387695,4.17426490783691,-10.3792352676392,21.46666666666667,-84.5177272833091,33.8339511869954
464,0.112066581845284,289.402526855469,98629.5703125,64.8317947387695,3.90473389625549,-10.4778680801392,21.034375,-84.1951774212968,33.749834188467
465,0.0105040855705738,285.882995605469,100217.0703125,93.167724609375,-8.27983665466309,2.5826780796051,7.4291665,-120.763759303642,35.3261833185007
466,0.0026915855705738,274.670104980469,88104.5703125,19.8005428314209,-6.49272727966309,1.7242796421051,6.6333335,-117.676980607088,35.7421957901115
467,0.0026915855705738,269.047058105469,89754.5703125,13.1989812850952,-7.32866477966309,-0.669275045394897,5.83286,-115.250024417113,35.99350646705
468,0.0026915855705738,271.167175292969,92579.5703125,13.2614812850952,-7.64507102966309,-0.659509420394897,5.6684660000000004,-114.901766319978,36.0241780630415
469,0.276129096746445,272.969909667969,74754.5703125,31.6833553314209,-7.45171165466309,0.189123392105103,1.8347825,-105.418062858307,36.3496043982676
470,0.330816596746445,294.244323730469,98117.0703125,82.472412109375,-1.8687037229538,-5.55404090881348,11.0,-94.6095581875817,35.5247519872552
471,10.4011287689209,291.776550292969,100279.5703125,70.4333572387695,0.696725964546204,-7.44857215881348,10.6104165,-89.8680815985968,34.7456411429482
472,0.0026915855705738,289.796081542969,99054.5703125,61.9489822387695,3.73871827125549,-9.94661808013916,20.1,-85.9110629985013,33.8878039066495
473,0.0105040855705738,289.415222167969,98529.5703125,63.1364822387695,4.27875709533691,-10.2532587051392,21.1,-84.2961166158277,33.4808540579827
474,0.0183165855705738,290.598815917969,100279.5703125,60.7067947387695,4.41352272033691,-9.48177433013916,13.6,-82.7027199591732,33.0458327512274
475,0.0026915855705738,285.729675292969,97279.5703125,67.8083572387695,-8.02495384216309,2.3395140171051,4.66875,-120.361315565756,35.0982453425764
476,0.0026915855705738,287.021667480469,97454.5703125,39.6130447387695,-6.36577415466309,1.9899046421051,14.866666666666667,-118.998494517167,35.2897451496277
477,0.0026915855705738,268.669128417969,90454.5703125,13.1599187850952,-7.19096946716309,-0.828454732894897,5.44375,-115.211652188824,35.7107765674383
478,5.6198787689209,294.612487792969,97404.5703125,78.706787109375,-2.72221922874451,-4.70931434631348,6.388194416666665,-97.4120448829148,35.5764596654648
479,1.22925400733948,294.893737792969,100054.5703125,76.683349609375,-0.527883410453796,-6.41927528381348,9.2,-92.2912907033605,34.8876970151476
480,4.4480037689209,294.576354980469,96904.5703125,79.175537109375,-2.64507079124451,-5.15755653381348,6.4270835,-97.4563062381344,35.2947730204799
481,5.57300424575806,295.336120605469,100067.0703125,76.823974609375,-0.605031847953796,-6.52376747131348,9.6,-92.3581913579114,34.6098839796637
482,8.1120662689209,294.290222167969,100754.5703125,70.855224609375,-0.370656847953796,-6.68490028381348,9.6,-91.6876933826433,34.4972905820016
483,0.0730040818452835,289.680847167969,98617.0703125,64.3942947387695,4.24360084533691,-9.79818058013916,19.8,-85.775669622156,33.2677725746423
484,0.0026915855705738,288.311706542969,100279.5703125,51.4489822387695,4.57856178283691,-8.62825965881348,15.440277777777766,-83.5440324358003,32.6885875282692
485,6.1198787689209,297.359558105469,101654.5703125,80.870849609375,1.7758275270462,-1.7239625453949,10.0125,-81.0456023957206,31.9611550356745
486,0.0026915855705738,285.383972167969,98604.5703125,75.613037109375,-6.96636009216309,1.7936155796051,6.0208335,-120.239770089665,34.540528327705
487,0.0105040855705738,282.287292480469,93792.0703125,50.7458572387695,-7.07378196716309,1.9986937046051,4.0208335,-119.902834312808,34.5897419736476
488,1.15112912654877,276.441589355469,79992.0703125,35.0817947387695,-7.44975852966309,-0.166345357894897,1.725,-106.134795228296,35.5054348634864
489,1.18237912654877,295.371276855469,98479.5703125,83.183349609375,-2.15776634216309,-5.79720497131348,8.2041665,-95.7961045375984,34.8178393329699
490,3.18237924575806,294.979675292969,97179.5703125,79.316162109375,-1.3296412229538,-6.26497840881348,7.9,-94.1036831867134,34.5906808880316
491,2.93237924575806,296.038269042969,99592.0703125,79.339599609375,-0.711477160453796,-6.58626747131348,8.3,-93.0944828469579,34.4393839237251
492,0.0026915855705738,285.466003417969,93779.5703125,72.417724609375,-6.83452415466309,1.6764280796051,5.8347825,-119.171844138019,34.4051625019801
493,0.0026915855705738,284.466979980469,91917.0703125,60.3161697387695,-6.26714134216309,1.6129515171051,11.9083335,-118.834841707006,34.4503662745267
494,0.0026915855705738,281.927917480469,88929.5703125,45.0349197387695,-6.24565696716309,1.5602171421051,9.5416665,-118.159393739071,34.5370155654228
495,0.0026915855705738,275.769714355469,89292.0703125,22.9411678314209,-6.40678977966309,0.402990579605103,8.8625,-117.482107009897,34.6186317895815
496,0.635504066944122,274.760925292969,81292.0703125,26.6911678314209,-7.38432884216309,-0.381189107894897,3.608038875,-106.48459941044,35.2241371343094
497,1.51831650733948,288.602722167969,89042.0703125,57.0583572387695,-4.54448509216309,-3.3352906703949,2.831818,-101.996228932176,35.088031156168
498,5.52612924575806,295.220886230469,101279.5703125,73.636474609375,1.4164525270462,-7.74544715881348,8.9270835,-90.8328213883836,33.7676092562718
499,0.0026915855705738,291.525573730469,100317.0703125,68.0427322387695,3.71332764625549,-9.06868839263916,15.4,-87.5672925627867,33.1033393860331
500,0.0651915818452835,289.999206542969,99829.5703125,58.7692947387695,4.90278053283691,-8.90853309631348,21.0359375,-85.0077335746999,32.4888278848065
501,0.0026915855705738,285.466003417969,98717.0703125,72.417724609375,-6.53960227966309,1.6178343296051,9.6333335,-119.116800218144,34.1261857382284
502,0.0026915855705738,285.294128417969,96429.5703125,74.441162109375,-6.20952415466309,1.4195921421051,14.258333499999999,-118.781270157301,34.1711352891393
503,0.0026915855705738,285.974792480469,97004.5703125,74.714599609375,-6.24468040466309,1.5660765171051,14.2,-118.445261271498,34.2148400648043
504,0.0026915855705738,280.514831542969,90792.0703125,46.2849197387695,-5.80522727966309,1.3190062046051,15.5,-118.108786126222,34.2572967227336
505,0.994879126548767,274.695495605469,81579.5703125,26.1364803314209,-7.43608665466309,-0.354821920394897,3.438889,-106.486971476897,34.9405237586233
506,2.69800424575806,294.363464355469,96954.5703125,74.042724609375,-2.64702391624451,-5.09115028381348,5.7333335,-98.6048272209673,34.5522594944577
507,0.737066566944122,288.428894042969,100892.0703125,45.8005447387695,3.68305397033691,-4.22591590881348,12.8,-82.6050422297605,31.5388189786944
508,10.2995662689209,295.269714355469,101479.5703125,68.4802322387695,1.7152806520462,-1.0159547328949,8.5,-81.6822511744018,31.2656463415176
509,0.0026915855705738,285.734558105469,98054.5703125,74.441162109375,-6.15874290466309,1.2984983921051,8.610912714285714,-118.058632115273,33.9778706624975
510,0.0026915855705738,284.108581542969,93692.0703125,63.3005447387695,-5.87651634216309,1.1900999546051,14.1375,-117.723181851932,34.018843746659
511,0.0026915855705738,284.921081542969,90854.5703125,66.0114822387695,-6.75542259216309,0.220373392105103,14.925,-117.387296655588,34.0585692113587
512,10.0886297225952,294.777526855469,98054.5703125,77.167724609375,-2.41362547874451,-5.19564247131348,5.8458335,-97.6293602514161,34.1709126689159
513,0.0026915855705738,290.051940917969,100267.0703125,56.5661697387695,5.05805397033691,-6.52376747131348,18.8913043333333,-83.94694482659,31.621919490363
514,0.0026915855705738,285.740417480469,97342.0703125,74.120849609375,-5.87553977966309,1.1949827671051,5.1,-117.674941256993,33.7394848890713
515,0.0026915855705738,278.559753417969,89367.0703125,38.5349197387695,-6.77007102966309,-0.0716187953948975,12.20625,-116.670463345385,33.8542551868481
516,0.0026915855705738,270.893737792969,94217.0703125,16.1833572387695,-6.99956321716309,-1.4934937953949,4.6125,-113.637314109822,34.1308183719918
517,6.9089412689209,297.411315917969,100654.5703125,78.097412109375,-0.262258410453796,-6.69075965881348,4.5416665,-94.003266744245,33.4293548707588
518,10.7526922225952,296.837097167969,100704.5703125,77.581787109375,0.564890027046204,-7.09407997131348,6.8,-92.6838782729554,33.2248393893613
519,11.0105047225952,296.226745605469,100704.5703125,73.675537109375,0.745554089546204,-7.27767372131348,7.7,-92.0274984429092,33.1153541868259
520,0.0026915855705738,277.077331542969,92642.0703125,28.9802303314209,-6.79155540466309,-0.162439107894897,9.36770825,-116.292895184563,33.6101131710559
521,0.0026915855705738,275.179870605469,94079.5703125,23.8317928314209,-7.20659446716309,-0.822595357894897,6.9083335,-115.958371666783,33.6444274888394
522,0.0026915855705738,291.756042480469,100842.0703125,60.1911697387695,4.31879615783691,-3.1038453578949,12.2,-83.220612352259,30.8336345046316
523,7.4714412689209,296.304870605469,101592.0703125,73.277099609375,1.7455540895462,0.534826517105103,7.95208325,-81.6992144458712,30.385668438331
524,0.0026915855705738,284.054870605469,92904.5703125,69.839599609375,-6.90190696716309,-0.305017232894897,11.5,-116.916320417842,33.2585710085011
525,0.0026915855705738,273.727722167969,95954.5703125,19.5505428314209,-6.17925071716309,-0.822595357894897,5.11647725,-112.234004368944,33.6575623633325
526,0.0417540855705738,289.724792480469,90092.0703125,59.9099197387695,-3.57085227966309,-4.20638465881348,5.4291665,-101.772496911537,33.6579432004457
527,0.635504066944122,296.715026855469,101204.5703125,74.183349609375,2.03363990783691,-7.43685340881348,4.5,-92.1592898581106,32.5645327592103
528,0.0026915855705738,295.275573730469,100354.5703125,72.683349609375,4.05317115783691,-7.95443153381348,8.947916666666664,-90.2205760409907,32.2115199638373
529,0.0026915855705738,293.364440917969,100967.0703125,60.6208572387695,6.00727272033691,-6.69368934631348,12.7,-85.4774169467846,31.1493029984991
530,1.17456650733948,296.371276855469,101617.0703125,73.691162109375,1.3578587770462,0.994787454605103,7.0,-81.5044171813736,30.0316498054216
531,0.0026915855705738,285.859558105469,99842.0703125,73.339599609375,-6.90971946716309,-0.417321920394897,6.25,-117.202698469903,32.942093903197
532,0.0026915855705738,277.641784667969,99329.5703125,24.2692928314209,-7.52788352966309,-1.3831422328949,10.4,-115.546570426019,33.1178765778868
533,0.0026915855705738,274.313659667969,96654.5703125,18.8864803314209,-6.20073509216309,-0.961267232894897,5.65122425,-112.210532942861,33.376441358522
534,0.0026915855705738,274.196472167969,96617.0703125,17.4646053314209,-5.90581321716309,-0.642907857894897,5.4944445,-111.875562489001,33.3954173282224
535,0.0026915855705738,274.196472167969,93917.0703125,17.4646053314209,-6.04741477966309,-0.793298482894897,6.1,-111.540396061685,33.4131356341418
536,0.119879081845284,295.197448730469,99367.0703125,69.9958572387695,-1.4263209104538,-5.26302528381348,1.8333335,-96.8036851221183,32.9428325048043
537,6.6511287689209,296.782409667969,100654.5703125,75.105224609375,0.594186902046204,-6.62337684631348,8.5,-93.8487896361043,32.5498375598124
538,0.0105040855705738,295.048034667969,101242.0703125,70.964599609375,5.10004615783691,-2.7083375453949,11.7,-84.3366686020741,30.5588679153182
539,0.0105040855705738,286.641784667969,100492.0703125,75.081787109375,-6.80034446716309,-0.401696920394897,8.8,-117.157563290745,32.6637653806387
540,0.0026915855705738,285.219909667969,96717.0703125,73.409912109375,-7.07768821716309,-0.666345357894897,6.7,-116.828516846683,32.701167428683
541,0.0026915855705738,278.798034667969,100542.0703125,28.1677303314209,-7.49663352966309,-1.4964234828949,7.8,-115.508621873093,32.8385559103711
542,0.0573790855705738,295.575378417969,98617.0703125,73.347412109375,-1.2417505979538,-5.24935340881348,4.6,-97.5072835481327,32.7380374813945
543,0.315191596746445,295.429870605469,99267.0703125,70.2614822387695,-1.0122584104538,-5.39193153381348,4.7,-96.8487927600895,32.664499819524
544,0.0026915855705738,295.433776855469,100767.0703125,72.402099609375,5.31196022033691,-7.60872840881348,7.5166665,-89.4126779516692,31.4757510973813
545,2.52612900733948,293.161315917969,101267.0703125,61.4646072387695,2.16938209533691,0.810217142105103,9.233333375,-82.3136783646547,29.6909701930446
546,0.0573790855705738,296.566589355469,101642.0703125,75.316162109375,1.7123509645462,0.789709329605103,6.1458335,-81.1211127752071,29.3242651768119
547,0.0026915855705738,280.816589355469,98767.0703125,34.5817947387695,-7.51714134216309,-1.4407594203949,5.2458335,-114.481864906559,32.6491969931716
548,0.0026915855705738,275.029479980469,95092.0703125,20.9021053314209,-6.28178977966309,-1.1194703578949,9.63333333333333,-112.164215015054,32.8152112124625
549,0.0026915855705738,275.029479980469,95904.5703125,20.9021053314209,-6.25151634216309,-1.0198609828949,6.56666666666667,-111.832204967522,32.8339723363564
550,0.0651915818452835,295.842956542969,100954.5703125,71.941162109375,6.09418678283691,-6.98568153381348,8.1,-87.9186468500464,30.8669819414588
551,5.47144174575806,290.029479980469,89242.0703125,56.8083572387695,-4.90386009216309,-3.7727906703949,5.1333335,-103.188313231542,32.602583012156
552,0.0964415892958641,297.359558105469,101367.0703125,78.292724609375,6.33539772033691,-6.29818153381348,5.2,-87.6890346228979,30.5273530812065
553,0.0339415855705738,299.262878417969,101467.0703125,89.644287109375,6.52680397033691,-5.92611122131348,7.0,-87.3790039787152,30.4558536905907
554,0.198004081845284,294.409362792969,101404.5703125,63.6286697387695,1.9379369020462,-0.113610982894897,8.4354165,-81.3331822195558,28.8051303451603
555,0.0026915855705738,274.874206542969,91042.0703125,23.1052303314209,-6.58257102966309,-1.2395875453949,4.42967175,-111.130863351423,32.3073191216137
556,0.830816566944122,279.919128417969,86267.0703125,28.8005428314209,-7.55620384216309,-2.7054078578949,7.047619,-106.837919693222,32.4040450299421
557,0.0026915855705738,297.247253417969,101367.0703125,79.066162109375,6.29633522033691,-6.18782997131348,5.7125,-89.0126581850506,30.532349486626
558,0.0026915855705738,297.936706542969,101504.5703125,81.902099609375,6.28071022033691,-6.20540809631348,5.2375,-88.7011803680997,30.4656074005605
559,2.35425400733948,294.690612792969,101392.0703125,65.1286697387695,1.3246556520462,-1.7796266078949,5.7229165,-81.4379698416654,28.5459178740395
560,3.00269150733948,279.986511230469,86654.5703125,29.1677303314209,-7.03960227966309,-3.3118531703949,11.9277776666667,-106.509544110218,32.1225858507794
561,0.487066596746445,290.995300292969,91467.0703125,59.7614822387695,-3.11382079124451,-4.23665809631348,4.725,-102.237741310642,31.9947559472202
562,0.151129096746445,297.180847167969,101429.5703125,79.191162109375,5.13031959533691,-6.66243934631348,4.5,-90.3360715464019,30.5170701856017
563,0.0026915855705738,297.345886230469,101417.0703125,79.722412109375,5.83637428283691,-6.39876747131348,4.2479165,-89.3996993864986,30.3278692960178
564,2.86206650733948,280.043151855469,86917.0703125,30.8708553314209,-7.65093040466309,-3.0149781703949,7.4291665,-106.8393397498,31.8439318001641
565,4.22925424575806,280.068542480469,87804.5703125,27.8317928314209,-7.39897727966309,-3.2181031703949,11.0,-106.511692605134,31.8427184069397
566,0.557379126548767,297.903503417969,101454.5703125,79.730224609375,4.72016334533691,-6.18490028381348,5.220833333333335,-91.3446619907372,30.4243822972986
567,12.7761287689209,294.723815917969,101404.5703125,66.7302322387695,3.60004615783691,-1.5579469203949,7.2229165,-81.9369178821427,28.1189302668641
568,0.0026915855705738,276.244323730469,86679.5703125,32.6833572387695,-6.71050071716309,-1.9036500453949,5.0416665,-111.076919222986,31.4693394651163
569,0.0026915855705738,279.560729980469,86017.0703125,36.2146072387695,-7.48003196716309,-2.1643922328949,5.4083335,-109.448962564675,31.5302322189792
570,0.0339415855705738,295.980651855469,99042.0703125,74.034912109375,-0.560109972953796,-4.89095497131348,4.2041665,-97.4320580859368,31.0376568545173
571,0.0026915855705738,297.892761230469,101504.5703125,79.027099609375,4.95356178283691,-5.93099403381348,4.0,-92.0365848530762,30.2654017625003
572,0.213629081845284,297.806823730469,101554.5703125,81.722412109375,5.65278053283691,-5.77865028381348,5.7,-91.0990002778606,30.0949029272605
573,0.135504096746445,297.276550292969,101579.5703125,79.878662109375,6.17035865783691,-5.43587684631348,6.2,-90.1664621341514,29.9143974742371
574,1.86206650733948,296.394714355469,101529.5703125,77.183349609375,2.30414772033691,-1.5257203578949,5.5369565,-82.6222821121225,28.037518251171
575,5.0261287689209,296.124206542969,101429.5703125,75.753662109375,0.477975964546204,0.0572874546051025,7.65652166666667,-82.3298908044544,27.9492326428763
576,0.323004096746445,297.641784667969,101217.0703125,80.308349609375,3.38324952125549,-5.59310340881348,2.6125,-93.9814956334254,30.3023932268422
577,0.604254066944122,297.956237792969,101379.5703125,83.769287109375,3.36957764625549,-5.59993934631348,3.2,-93.6666640498212,30.2537524154223
578,0.182379081845284,297.944519042969,101554.5703125,83.878662109375,5.75824928283691,-5.27572059631348,5.8,-90.8558155426634,29.7652892554423
579,0.330816596746445,297.967956542969,101679.5703125,88.261474609375,-0.0220240354537964,-2.2815797328949,5.71875,-82.7208509928538,27.7778766532188
580,1.73706662654877,298.254089355469,101379.5703125,85.605224609375,2.97602295875549,-5.48861122131348,3.6333335,-94.0366635251727,30.0291798843458
581,0.651129126548767,296.940612792969,101667.0703125,78.831787109375,-1.7612818479538,3.3453733921051,5.1208335,-82.5282724588275,27.4311676587093
582,4.52612924575806,298.355651855469,101667.0703125,80.464599609375,0.841257214546204,3.2330687046051,6.705882,-80.2331560128704,26.698431391764
583,2.38550400733948,295.077331542969,98342.0703125,71.472412109375,-0.111867785453796,-4.76400184631348,3.8375,-97.8713896850661,30.2446555546772
584,3.99487900733948,295.948425292969,98942.0703125,76.527099609375,-0.123586535453796,-4.76302528381348,4.5208335,-97.5543182244248,30.2102901334508
585,0.533941566944122,296.954284667969,101192.0703125,79.683349609375,1.9379369020462,-5.21907997131348,3.82291675,-95.3449635357994,29.9374031405422
586,0.635504066944122,297.321472167969,101342.0703125,83.019287109375,2.65961670875549,-5.37630653381348,1.0416665,-95.0309175135613,29.893834371851
587,2.82300400733948,298.092956542969,101404.5703125,85.386474609375,2.75141358375549,-5.27767372131348,2.6125,-94.404110876105,29.8032882110655
588,2.69019174575806,298.382019042969,101679.5703125,80.589599609375,1.2865697145462,1.4986937046051,4.3,-80.3388604902532,26.4437231735301
589,1.22925412654877,297.170104980469,101192.0703125,81.863037109375,2.99555420875549,-5.18782997131348,3.65,-95.3941269297086,29.6638816319204
590,1.44019150733948,297.321472167969,101367.0703125,83.019287109375,2.98090577125549,-5.19368934631348,3.99722233333333,-95.0813609830153,29.6205571360435
591,4.2448787689209,299.036315917969,101692.0703125,88.527099609375,-0.0474146604537964,4.44791221618652,5.027423041666667,-80.1622826325581,26.0945319064749
592,5.14331674575806,297.618347167969,101454.5703125,87.159912109375,2.48481178283691,-5.17806434631348,4.1125,-95.1313846109056,29.3476440767276
593,5.99487924575806,297.634948730469,101654.5703125,73.808349609375,0.751413464546204,3.8209593296051,4.514583249999999,-80.2673127285895,25.8408531423039
594,18.4480056762695,294.224792480469,98179.5703125,65.7146072387695,0.0424290895462036,-4.67025184631348,4.4083335,-98.6139027729235,29.4841831810196
595,23.3230056762695,294.968933105469,98817.0703125,69.5349197387695,-0.364797472953796,-4.60872840881348,4.6354165,-98.3001274510772,29.452683962308
596,33.9948806762695,294.956237792969,99417.0703125,68.7458572387695,0.127390027046204,-4.61751747131348,3.0208335,-98.3366196826372,29.1783902598403
597,6.71362924575806,297.787292480469,101667.0703125,75.448974609375,1.4867650270462,2.5416624546051,4.4,-80.4750293746323,25.3343046941428
598,14.9167547225952,290.263854980469,89467.0703125,56.7302322387695,-3.57671165466309,-4.08822059631348,4.5108695,-103.066357585918,29.2516276015244
599,11.4011287689209,293.624206542969,97929.5703125,57.6911697387695,-1.9194849729538,-4.42611122131348,4.5208335,-100.583815469984,28.8239881199826
600,13.3933162689209,296.236511230469,101179.5703125,86.636474609375,0.954538464546204,-3.7454469203949,5.16875,-97.5978505953357,27.7148630824513
601,0.0261290855705738,293.460144042969,98979.5703125,56.6989822387695,-0.435109972953796,-3.8225953578949,6.0416665,-99.4649401741085,27.6284695976127
602,10.0105037689209,295.668151855469,101179.5703125,79.558349609375,0.951608777046204,-3.7464234828949,8.7041665,-97.6362537241993,27.4435200409162
603,0.393316596746445,293.506042480469,100979.5703125,71.1989822387695,1.4848119020462,-3.0052125453949,8.725,-98.1217731270516,26.1256869628729
604,8.7370662689209,292.403503417969,101292.0703125,77.909912109375,1.7973119020462,-3.0618531703949,8.2136365,-97.5258815314285,26.059340019738
